grid,laps,constructor,countryTemp,raceId
3,52,"McLaren",18.7,908
4,52,"Force India",18.7,908
5,52,"McLaren",18.7,908
14,52,"Williams",18.7,908
6,52,"Mercedes",18.7,908
8,52,"Red Bull",18.7,908
2,52,"Red Bull",18.7,908
9,52,"Toro Rosso",18.7,908
16,52,"Ferrari",18.7,908
9,52,"Force India",18.7,934
7,52,"Red Bull",18.7,934
4,52,"Williams",18.7,934
3,52,"Williams",18.7,934
6,52,"Ferrari",18.7,934
2,52,"Mercedes",18.7,934
1,52,"Mercedes",18.7,934
11,52,"Ferrari",18.7,957
7,52,"Toro Rosso",18.7,957
8,52,"Force India",18.7,957
10,52,"Force India",18.7,957
5,52,"Ferrari",18.7,957
4,52,"Red Bull",18.7,957
2,52,"Mercedes",18.7,957
3,52,"Red Bull",18.7,957
1,52,"Mercedes",18.7,957
15,52,"Toro Rosso",18.7,957
14,52,"Toro Rosso",18.7,998
18,52,"Williams",18.7,998
19,52,"Williams",18.7,998
17,52,"McLaren",18.7,998
2,52,"Ferrari",18.7,998
7,52,"Haas F1 Team",18.7,998
13,52,"McLaren",18.7,998
10,52,"Force India",18.7,998
11,52,"Renault",18.7,998
6,52,"Red Bull",18.7,998
4,52,"Mercedes",18.7,998
3,52,"Ferrari",18.7,998
1,52,"Mercedes",18.7,998
12,52,"Force India",18.7,998
9,52,"Toro Rosso",18.7,1019
18,52,"Racing Point",18.7,1019
8,52,"McLaren",18.7,1019
17,52,"Toro Rosso",18.7,1019
2,52,"Mercedes",18.7,1019
1,52,"Mercedes",18.7,1019
3,52,"Ferrari",18.7,1019
5,52,"Red Bull",18.7,1019
10,52,"Renault",18.7,1019
13,52,"McLaren",18.7,1019
7,52,"Renault",18.7,1019
12,52,"Alfa Romeo",18.7,1019
4,52,"Red Bull",18.7,1019
11,52,"AlphaTauri",18.7,1061
16,52,"AlphaTauri",18.7,1061
9,52,"Alpine F1 Team",18.7,1061
14,52,"Aston Martin",18.7,1061
7,52,"Alpine F1 Team",18.7,1061
10,52,"Ferrari",18.7,1061
6,52,"McLaren",18.7,1061
5,52,"McLaren",18.7,1061
3,52,"Mercedes",18.7,1061
4,52,"Ferrari",18.7,1061
2,52,"Mercedes",18.7,1061
21,52,"Marussia",15.1,903
20,52,"Caterham",15.1,903
17,52,"Lotus F1",19.2,912
14,52,"Sauber",19.2,912
18,52,"Caterham",19.2,912
19,52,"Marussia",19.2,912
16,52,"Lotus F1",19.2,912
11,52,"McLaren",27,913
5,52,"Toro Rosso",15.8,915
13,52,"Sauber",15.8,915
21,52,"Lotus F1",15.8,915
15,52,"Lotus F1",15.8,915
14,52,"Sauber",15.8,915
13,52,"Toro Rosso",15.1,928
20,52,"Toro Rosso",19.2,938
15,52,"McLaren",19.2,938
17,52,"Sauber",19.2,938
17,52,"Toro Rosso",19.2,938
18,52,"Red Bull",19.2,938
12,52,"Sauber",19.2,938
9,52,"Force India",19.2,938
19,52,"Red Bull",19.2,938
15,52,"McLaren",27,939
9,52,"Force India",24.1,940
14,52,"McLaren",24.1,940
7,52,"Red Bull",24.1,940
15,52,"Sauber",24.1,940
20,52,"Red Bull",24.1,940
12,52,"McLaren",24.1,940
10,52,"Toro Rosso",24.1,940
3,52,"Williams",15.8,941
18,52,"Manor Marussia",15.8,941
20,52,"Manor Marussia",24.3,945
22,52,"Sauber",16,951
8,52,"Red Bull",16,951
19,52,"Sauber",16,951
16,52,"Haas F1 Team",16,951
18,52,"Renault",16,951
11,52,"Toro Rosso",16,951
12,52,"McLaren",16,951
6,52,"Force India",16,951
15,52,"Haas F1 Team",16,951
17,52,"Renault",16,951
14,52,"McLaren",16,951
5,52,"Red Bull",16,951
12,52,"McLaren",19.2,961
15,52,"Toro Rosso",19.2,961
19,52,"Sauber",19.2,961
21,52,"Renault",19.2,961
10,52,"Haas F1 Team",19.2,961
14,52,"McLaren",19.2,961
17,52,"Haas F1 Team",19.2,961
13,52,"Toro Rosso",17.8,964
20,52,"Manor Marussia",17.8,964
10,52,"Haas F1 Team",17.8,964
19,52,"Sauber",17.8,964
22,52,"McLaren",17.8,964
14,52,"Toro Rosso",17.8,964
15,52,"McLaren",17.8,964
18,52,"Sauber",17.8,964
17,52,"Renault",17.8,964
16,52,"Renault",17.8,964
21,52,"Manor Marussia",17.8,964
8,52,"Renault",12.1,972
10,52,"Force India",12.1,972
9,52,"Force India",12.1,972
7,52,"Red Bull",12.1,972
4,52,"Mercedes",12.1,972
2,52,"Ferrari",12.1,972
1,52,"Ferrari",12.1,972
3,52,"Mercedes",12.1,972
20,52,"Haas F1 Team",19.2,981
15,52,"Toro Rosso",19.2,981
8,52,"Toro Rosso",19.2,981
13,52,"Red Bull",19.2,981
14,52,"Renault",19.2,981
9,52,"Haas F1 Team",19.2,981
18,52,"Renault",17.8,984
9,52,"McLaren",17.8,984
14,52,"Toro Rosso",17.8,984
20,52,"McLaren",17.8,984
8,52,"Williams",17.8,984
7,52,"McLaren",17.5,994
17,52,"McLaren",21.3,996
18,52,"Williams",21.3,996
20,52,"Toro Rosso",21.3,996
15,52,"Sauber",21.3,996
10,52,"Haas F1 Team",21.3,996
20,52,"Renault",19.2,1002
9,52,"Toro Rosso",19.2,1002
18,52,"Sauber",19.2,1002
11,52,"Haas F1 Team",19.2,1002
17,52,"McLaren",19.2,1002
15,52,"Sauber",19.2,1002
12,52,"Williams",19.2,1002
10,52,"Williams",19.2,1002
12,52,"Renault",20,1004
14,52,"Williams",20,1004
16,52,"McLaren",20,1004
10,52,"Sauber",20,1004
9,52,"Haas F1 Team",20,1004
6,52,"Force India",20,1004
8,52,"Force India",20,1004
5,52,"Haas F1 Team",20,1004
20,52,"Sauber",17.8,1005
14,52,"Williams",17.8,1005
17,52,"Williams",17.8,1005
19,52,"McLaren",17.8,1005
18,52,"McLaren",17.8,1005
6,52,"Toro Rosso",17.8,1005
7,52,"Toro Rosso",17.8,1005
13,52,"Renault",17.8,1005
17,52,"Racing Point",21.3,1017
19,52,"Toro Rosso",21.3,1017
11,52,"Toro Rosso",21.3,1017
14,52,"Racing Point",21.3,1017
15,52,"Haas F1 Team",21.3,1017
10,52,"Alfa Romeo",21.3,1017
8,52,"Renault",21.3,1017
5,52,"McLaren",21.3,1017
9,52,"Red Bull",21.3,1017
12,52,"Alfa Romeo",21.3,1017
13,52,"Renault",21.3,1017
13,52,"Haas F1 Team",19.2,1023
0,52,"Alfa Romeo",19.2,1023
14,52,"Williams",19.2,1023
4,52,"Ferrari",19.2,1023
9,52,"Racing Point",19.2,1023
17,52,"Toro Rosso",19.2,1023
10,52,"Alfa Romeo",19.2,1023
16,52,"McLaren",19.2,1023
3,52,"Mercedes",17.8,1026
7,52,"McLaren",17.8,1026
6,52,"Red Bull",17.8,1026
4,52,"Mercedes",17.8,1026
1,52,"Ferrari",17.8,1026
12,52,"Haas F1 Team",16.1,1028
7,52,"McLaren",18.5,1034
15,52,"Alfa Romeo",18.5,1034
18,52,"Williams",18.5,1034
17,52,"Haas F1 Team",18.5,1034
20,52,"Williams",18.5,1034
2,52,"Mercedes",18.5,1034
10,52,"Ferrari",18.5,1034
6,52,"Racing Point",18.5,1034
3,52,"Red Bull",18.5,1034
4,52,"Ferrari",18.5,1034
8,52,"Renault",18.5,1034
1,52,"Mercedes",18.5,1034
9,52,"Renault",18.5,1034
11,52,"AlphaTauri",18.5,1034
12,52,"Red Bull",18.5,1034
5,52,"McLaren",18.5,1034
11,52,"Ferrari",18.5,1035
12,52,"McLaren",18.5,1035
7,52,"AlphaTauri",18.5,1035
10,52,"McLaren",18.5,1035
4,52,"Red Bull",18.5,1035
2,52,"Mercedes",18.5,1035
1,52,"Mercedes",18.5,1035
8,52,"Ferrari",18.5,1035
16,52,"AlphaTauri",18.5,1035
6,52,"Racing Point",18.5,1035
3,52,"Racing Point",18.5,1035
14,52,"Renault",18.5,1035
9,52,"Red Bull",18.5,1035
18,52,"Haas F1 Team",20,1040
13,52,"Williams",20,1040
16,52,"Haas F1 Team",20,1040
20,52,"Williams",20,1040
8,52,"McLaren",20,1040
19,52,"Alfa Romeo",20,1040
14,52,"Ferrari",20,1040
17,52,"Alfa Romeo",20,1040
16,52,"Williams",19.3,1046
5,52,"AlphaTauri",21.2,1052
16,52,"Williams",21.3,1059
17,52,"Alfa Romeo",21.3,1059
7,52,"Ferrari",21.3,1059
13,52,"Alfa Romeo",21.3,1059
11,52,"Alpine F1 Team",21.3,1059
0,52,"AlphaTauri",21.3,1059
14,52,"Williams",21.3,1059
15,52,"Haas F1 Team",21.3,1059
18,52,"Haas F1 Team",21.3,1059
12,52,"AlphaTauri",20,1066
17,52,"Alfa Romeo",20,1066
19,52,"Ferrari",20,1066
9,52,"Alpine F1 Team",20,1066
11,52,"AlphaTauri",20,1066
10,52,"Aston Martin",20,1066
15,53,"McLaren",15.1,903
13,53,"Toro Rosso",15.1,903
9,53,"Toro Rosso",15.1,903
19,53,"Marussia",15.1,903
12,53,"McLaren",15.1,903
17,53,"Sauber",15.1,903
6,53,"Williams",15.1,903
22,53,"Lotus F1",15.1,903
18,53,"Caterham",15.1,903
9,53,"Toro Rosso",15.8,915
17,53,"Force India",15.8,915
18,53,"Williams",15.8,915
8,53,"Ferrari",15.8,915
1,53,"Mercedes",15.8,915
2,53,"Mercedes",15.8,915
3,53,"Williams",15.8,915
4,53,"McLaren",15.8,915
12,53,"Force India",15.8,915
7,53,"Ferrari",15.8,915
6,53,"Red Bull",15.8,915
10,53,"Red Bull",15.8,915
11,53,"McLaren",15.8,915
19,53,"Manor Marussia",27.6,927
13,53,"Force India",21.5,936
17,53,"Toro Rosso",24.1,940
2,53,"Mercedes",24.1,940
1,53,"Mercedes",24.1,940
4,53,"Ferrari",24.1,940
6,53,"Ferrari",24.1,940
13,53,"Force India",24.1,940
8,53,"Lotus F1",24.1,940
11,53,"Lotus F1",24.1,940
3,53,"Williams",24.1,940
11,53,"Red Bull",15.8,941
19,53,"McLaren",15.8,941
13,53,"McLaren",15.8,941
14,53,"Lotus F1",15.8,941
12,53,"Sauber",15.8,941
5,53,"Ferrari",15.8,941
15,53,"Williams",15.8,941
7,53,"Force India",15.8,941
4,53,"Ferrari",15.8,941
2,53,"Mercedes",15.8,941
9,53,"Toro Rosso",15.8,941
19,53,"Manor Marussia",24.3,945
16,53,"McLaren",24.3,945
1,53,"Mercedes",16,951
4,53,"Williams",16,951
2,53,"Williams",16,951
3,53,"Ferrari",16,951
10,53,"Mercedes",16,951
11,53,"Williams",17.8,964
1,53,"Mercedes",17.8,964
3,53,"Red Bull",17.8,964
2,53,"Mercedes",17.8,964
6,53,"Ferrari",17.8,964
7,53,"Haas F1 Team",17.8,964
4,53,"Red Bull",17.8,964
5,53,"Force India",17.8,964
9,53,"Force India",17.8,964
12,53,"Williams",17.8,964
8,53,"Ferrari",17.8,964
13,53,"Haas F1 Team",17.8,984
1,53,"Mercedes",17.8,984
4,53,"Red Bull",17.8,984
3,53,"Red Bull",17.8,984
6,53,"Mercedes",17.8,984
5,53,"Force India",17.8,984
7,53,"Force India",17.8,984
12,53,"Haas F1 Team",17.8,984
10,53,"Ferrari",17.8,984
12,53,"Renault",21.3,996
7,53,"Renault",21.3,996
2,53,"Mercedes",21.3,996
9,53,"Haas F1 Team",21.3,996
3,53,"Ferrari",21.3,996
5,53,"Red Bull",21.3,996
6,53,"Ferrari",21.3,996
4,53,"Red Bull",21.3,996
1,53,"Mercedes",21.3,996
8,53,"Sauber",21.3,996
7,53,"Red Bull",20.8,997
18,53,"Williams",20,999
2,53,"Mercedes",20,1004
1,53,"Mercedes",20,1004
3,53,"Ferrari",20,1004
4,53,"Ferrari",20,1004
18,53,"Red Bull",20,1004
7,53,"Sauber",20,1004
19,53,"Red Bull",20,1004
11,53,"Force India",17.8,1005
1,53,"Mercedes",17.8,1005
2,53,"Mercedes",17.8,1005
3,53,"Red Bull",17.8,1005
15,53,"Red Bull",17.8,1005
8,53,"Ferrari",17.8,1005
9,53,"Force India",17.8,1005
5,53,"Haas F1 Team",17.8,1005
4,53,"Ferrari",17.8,1005
7,53,"McLaren",21.2,1011
10,53,"Renault",21.2,1011
17,53,"Renault",21.2,1011
1,53,"Mercedes",21.3,1017
2,53,"Mercedes",21.3,1017
3,53,"Ferrari",21.3,1017
4,53,"Red Bull",21.3,1017
6,53,"McLaren",21.3,1017
7,53,"Ferrari",21.3,1017
14,53,"Racing Point",20,1025
12,53,"Alfa Romeo",20,1025
16,53,"Toro Rosso",20,1025
15,53,"Alfa Romeo",20,1025
19,53,"Toro Rosso",20,1025
6,53,"Renault",20,1025
7,53,"McLaren",20,1025
2,53,"Mercedes",20,1025
4,53,"Mercedes",20,1025
1,53,"Ferrari",20,1025
13,53,"Haas F1 Team",20,1025
0,53,"Red Bull",20,1025
5,53,"McLaren",20,1025
11,53,"Racing Point",20,1025
9,53,"Red Bull",20,1025
19,53,"Williams",20.6,1030
11,53,"Toro Rosso",20.6,1030
19,53,"Alfa Romeo",20.8,1031
9,53,"AlphaTauri",20,1040
3,53,"Mercedes",20,1040
2,53,"Red Bull",20,1040
1,53,"Mercedes",20,1040
4,53,"Racing Point",20,1040
15,53,"Red Bull",20,1040
10,53,"Ferrari",20,1040
7,53,"Renault",20,1040
11,53,"AlphaTauri",20,1040
5,53,"Renault",20,1040
5,53,"Racing Point",24.5,1045
17,53,"Haas F1 Team",20.6,1047
19,53,"Aston Martin",21.3,1059
9,53,"Alpine F1 Team",21.3,1059
6,53,"AlphaTauri",21.3,1059
8,53,"McLaren",21.3,1059
3,53,"Mercedes",21.3,1059
4,53,"Red Bull",21.3,1059
2,53,"Mercedes",21.3,1059
1,53,"Red Bull",21.3,1059
12,53,"Aston Martin",21.3,1059
10,53,"McLaren",21.3,1059
5,53,"Ferrari",21.3,1059
7,53,"Aston Martin",20,1066
3,53,"Williams",20,1066
8,53,"Red Bull",20,1066
1,53,"McLaren",20,1066
6,53,"Alpine F1 Team",20,1066
16,53,"Mercedes",20,1066
5,53,"McLaren",20,1066
2,53,"Ferrari",20,1066
20,53,"Red Bull",20,1066
4,53,"Mercedes",20,1066
13,53,"Alfa Romeo",20,1066
12,53,"Toro Rosso",19.2,912
13,53,"Force India",19.2,912
5,53,"McLaren",19.2,912
1,53,"Mercedes",19.2,912
2,53,"Mercedes",19.2,912
4,53,"Williams",19.2,912
3,53,"Williams",19.2,912
21,53,"Toro Rosso",19.2,912
8,53,"Red Bull",19.2,912
10,53,"Force India",19.2,912
6,53,"McLaren",19.2,912
11,53,"Ferrari",19.2,912
9,53,"Red Bull",19.2,912
3,53,"Ferrari",19.2,938
5,53,"Williams",19.2,938
6,53,"Williams",19.2,938
1,53,"Mercedes",19.2,938
7,53,"Force India",19.2,938
2,53,"Ferrari",19.2,938
9,53,"Force India",19.2,961
1,53,"Mercedes",19.2,961
3,53,"Ferrari",19.2,961
4,53,"Ferrari",19.2,961
6,53,"Red Bull",19.2,961
2,53,"Mercedes",19.2,961
7,53,"Red Bull",19.2,961
8,53,"Force India",19.2,961
11,53,"Williams",19.2,961
5,53,"Williams",19.2,961
7,53,"Williams",19.2,981
10,53,"Force India",19.2,981
1,53,"Mercedes",19.2,981
4,53,"Mercedes",19.2,981
6,53,"Ferrari",19.2,981
5,53,"Ferrari",19.2,981
3,53,"Force India",19.2,981
2,53,"Williams",19.2,981
16,53,"Red Bull",19.2,981
6,53,"Haas F1 Team",19.2,1002
7,53,"Renault",19.2,1002
14,53,"Force India",19.2,1002
8,53,"Force India",19.2,1002
5,53,"Red Bull",19.2,1002
2,53,"Ferrari",19.2,1002
4,53,"Mercedes",19.2,1002
1,53,"Ferrari",19.2,1002
3,53,"Mercedes",19.2,1002
1,53,"Ferrari",19.2,1023
3,53,"Mercedes",19.2,1023
2,53,"Mercedes",19.2,1023
5,53,"Renault",19.2,1023
8,53,"Red Bull",19.2,1023
18,53,"Racing Point",19.2,1023
19,53,"Red Bull",19.2,1023
6,53,"Renault",19.2,1023
14,53,"Alfa Romeo",19.2,1038
19,53,"Williams",19.2,1038
9,53,"Red Bull",19.2,1038
16,53,"Haas F1 Team",19.2,1038
20,53,"Williams",19.2,1038
18,53,"Alfa Romeo",19.2,1038
11,53,"AlphaTauri",19.2,1038
3,53,"McLaren",19.2,1038
8,53,"Racing Point",19.2,1038
6,53,"McLaren",19.2,1038
4,53,"Racing Point",19.2,1038
10,53,"AlphaTauri",19.2,1038
7,53,"Renault",19.2,1038
1,53,"Mercedes",19.2,1038
12,53,"Renault",19.2,1038
2,53,"Mercedes",19.2,1038
2,53,"McLaren",19.2,1065
19,53,"Mercedes",19.2,1065
5,53,"Ferrari",19.2,1065
8,53,"Red Bull",19.2,1065
6,53,"Ferrari",19.2,1065
9,53,"Aston Martin",19.2,1065
10,53,"Alpine F1 Team",19.2,1065
14,53,"Williams",19.2,1065
12,53,"Alpine F1 Team",19.2,1065
13,53,"Williams",19.2,1065
11,53,"Aston Martin",19.2,1065
7,53,"Alfa Romeo",19.2,1065
17,53,"Alfa Romeo",19.2,1065
18,53,"Haas F1 Team",19.2,1065
3,53,"McLaren",19.2,1065
1,70,"Mercedes",18.6,906
11,70,"Force India",18.6,906
10,70,"Ferrari",18.6,906
7,70,"Ferrari",18.6,906
4,70,"Williams",18.6,906
9,70,"McLaren",18.6,906
3,70,"Red Bull",18.6,906
6,70,"Red Bull",18.6,906
8,70,"Toro Rosso",18.6,906
12,70,"McLaren",18.6,906
13,70,"Lotus F1",18.7,907
22,70,"Lotus F1",18.7,907
16,70,"Sauber",18.7,907
20,70,"Lotus F1",21.5,910
21,70,"McLaren",21.5,910
7,70,"McLaren",21.5,910
11,70,"Sauber",21.5,910
5,70,"Ferrari",21.5,910
22,70,"Mercedes",21.5,910
1,70,"Mercedes",21.5,910
4,70,"Red Bull",21.5,910
16,70,"Ferrari",21.5,910
2,70,"Red Bull",21.5,910
3,70,"Williams",21.5,910
8,70,"Toro Rosso",21.5,910
6,70,"Williams",21.5,910
16,70,"Lotus F1",20.2,917
15,70,"Toro Rosso",20.2,917
11,70,"Sauber",20.2,917
13,70,"Sauber",20.2,917
18,70,"Force India",20.2,917
17,70,"Toro Rosso",20.2,917
4,70,"Williams",20.2,917
6,70,"Lotus F1",18.6,932
15,70,"Williams",18.6,932
18,70,"Ferrari",18.6,932
3,70,"Ferrari",18.6,932
4,70,"Williams",18.6,932
2,70,"Mercedes",18.6,932
1,70,"Mercedes",18.6,932
15,70,"Red Bull",18.7,933
8,70,"Sauber",18.7,933
13,70,"Force India",18.7,933
18,70,"Red Bull",18.7,933
10,70,"Lotus F1",18.7,933
7,70,"Toro Rosso",18.7,933
19,70,"Red Bull",20.2,944
20,70,"McLaren",20.2,944
16,70,"McLaren",20.2,944
13,70,"Sauber",20.2,944
11,70,"Force India",20.2,944
8,70,"Williams",20.2,944
15,70,"Lotus F1",20.2,944
14,70,"Lotus F1",20.2,944
6,70,"Red Bull",20.2,944
5,70,"Force India",20.2,944
7,70,"Williams",20.2,944
9,70,"Toro Rosso",20.2,944
1,70,"Mercedes",18.6,954
3,70,"Ferrari",18.6,954
7,70,"Williams",18.6,954
5,70,"Red Bull",18.6,954
2,70,"Mercedes",18.6,954
4,70,"Red Bull",18.6,954
6,70,"Ferrari",18.6,954
21,70,"Sauber",20.8,956
20,70,"Manor Marussia",20.8,956
18,70,"Sauber",20.8,956
17,70,"Renault",20.8,956
19,70,"Renault",20.8,956
12,70,"Manor Marussia",20.8,956
11,70,"Haas F1 Team",20.8,956
7,70,"Williams",20.8,956
1,70,"Mercedes",21.5,958
3,70,"Red Bull",21.5,958
5,70,"Ferrari",21.5,958
4,70,"Red Bull",21.5,958
2,70,"Mercedes",21.5,958
14,70,"Ferrari",21.5,958
13,70,"McLaren",17.1,966
22,70,"Haas F1 Team",17.1,966
17,70,"Haas F1 Team",17.1,966
18,70,"Toro Rosso",17.1,966
14,70,"Renault",17.1,966
10,70,"Toro Rosso",17.1,966
19,70,"Sauber",17.1,966
21,70,"Renault",17.1,966
11,70,"McLaren",17.1,966
15,70,"Sauber",17.1,966
1,70,"Mercedes",18.6,975
10,70,"Renault",18.6,975
4,70,"Ferrari",18.6,975
9,70,"Force India",18.6,975
8,70,"Force India",18.6,975
2,70,"Ferrari",18.6,975
6,70,"Red Bull",18.6,975
3,70,"Mercedes",18.6,975
20,70,"Sauber",20.8,977
11,70,"Renault",20.8,977
13,70,"McLaren",20.8,977
16,70,"Renault",20.8,977
9,70,"Force India",20.8,977
17,70,"Williams",20.8,977
18,70,"Williams",20.8,977
7,70,"Force India",20.8,977
3,70,"Mercedes",21.5,979
7,70,"McLaren",21.5,979
5,70,"Red Bull",21.5,979
4,70,"Mercedes",21.5,979
2,70,"Ferrari",21.5,979
1,70,"Ferrari",21.5,979
10,70,"Williams",17.1,986
20,70,"Toro Rosso",17.1,986
19,70,"McLaren",17.1,986
18,70,"McLaren",17.1,986
14,70,"Haas F1 Team",17.1,986
9,70,"Force India",17.1,986
11,70,"Williams",17.1,986
6,70,"Force India",17.1,986
3,70,"Mercedes",17.1,986
17,70,"Sauber",20.2,987
15,70,"Sauber",20.2,987
19,70,"Toro Rosso",20.2,987
8,70,"Renault",20.2,987
7,70,"Renault",20.2,987
14,70,"Sauber",17.5,994
15,70,"Toro Rosso",17.5,994
9,70,"Renault",20.8,997
12,70,"Toro Rosso",20.8,997
20,70,"Sauber",20.8,997
18,70,"Sauber",20.8,997
5,70,"Haas F1 Team",20.8,997
11,70,"Force India",20.8,997
16,70,"Force India",20.8,997
13,70,"McLaren",20.8,997
8,70,"Haas F1 Team",20.8,997
1,70,"Mercedes",21.5,1000
4,70,"Ferrari",21.5,1000
3,70,"Ferrari",21.5,1000
12,70,"Red Bull",21.5,1000
6,70,"Toro Rosso",21.5,1000
2,70,"Mercedes",21.5,1000
5,70,"Mercedes",17.1,1007
15,70,"Renault",20.2,1008
18,70,"Force India",20.2,1008
20,70,"McLaren",20.2,1008
9,70,"Toro Rosso",20.2,1008
16,70,"Toro Rosso",20.2,1008
12,70,"Force India",20.2,1008
9,70,"Red Bull",18.6,1016
6,70,"Mercedes",18.6,1016
3,70,"Ferrari",18.6,1016
1,70,"Ferrari",18.6,1016
2,70,"Mercedes",18.6,1016
12,70,"Renault",18.7,1018
16,70,"Toro Rosso",18.7,1018
11,70,"Haas F1 Team",18.7,1018
18,70,"Toro Rosso",18.7,1018
14,70,"Racing Point",18.7,1018
15,70,"Renault",18.7,1018
13,70,"Racing Point",18.7,1018
7,70,"Alfa Romeo",18.7,1018
6,70,"Alfa Romeo",18.7,1018
5,70,"McLaren",18.7,1018
8,70,"Red Bull",18.7,1018
19,70,"McLaren",18.7,1018
4,70,"Ferrari",21.2,1021
5,70,"Ferrari",21.2,1021
1,70,"Red Bull",21.2,1021
3,70,"Mercedes",21.2,1021
7,70,"McLaren",17.1,1027
15,70,"Alfa Romeo",17.1,1027
16,70,"Racing Point",17.1,1027
9,70,"Toro Rosso",17.1,1027
10,70,"Toro Rosso",17.1,1027
12,70,"Renault",17.1,1027
19,70,"Williams",20.2,1029
15,70,"Haas F1 Team",20.8,1032
0,70,"Haas F1 Team",20.8,1032
19,70,"Alfa Romeo",20.8,1032
7,70,"AlphaTauri",20.8,1032
16,70,"Alfa Romeo",20.8,1032
3,70,"McLaren",20.8,1032
13,70,"AlphaTauri",20.8,1032
13,70,"Red Bull",21.5,1033
3,70,"Racing Point",21.5,1033
2,70,"Mercedes",21.5,1033
7,70,"Red Bull",21.5,1033
1,70,"Mercedes",21.5,1033
14,70,"Aston Martin",18.7,1058
15,70,"Alfa Romeo",18.7,1058
17,70,"Alpine F1 Team",18.7,1058
13,70,"McLaren",18.7,1058
18,70,"Alfa Romeo",18.7,1058
8,70,"Alpine F1 Team",18.7,1058
11,70,"AlphaTauri",18.7,1058
12,70,"Ferrari",18.7,1058
7,70,"Ferrari",18.7,1058
9,70,"Aston Martin",18.7,1058
3,70,"McLaren",18.7,1058
18,70,"Williams",20.8,1060
16,70,"Alfa Romeo",20.8,1060
15,70,"Alfa Romeo",20.8,1060
9,70,"Aston Martin",20.8,1060
7,70,"AlphaTauri",20.8,1060
8,70,"Williams",20.8,1060
14,70,"Alpine F1 Team",20.8,1060
1,70,"Mercedes",21.2,1062
10,70,"Aston Martin",21.2,1062
15,70,"Ferrari",21.2,1062
9,70,"Alpine F1 Team",21.2,1062
5,70,"AlphaTauri",21.2,1062
16,70,"AlphaTauri",21.2,1062
18,70,"Williams",21.2,1062
17,70,"Williams",21.2,1062
3,70,"Red Bull",21.2,1062
8,70,"Alpine F1 Team",21.2,1062
12,70,"Aston Martin",14.7,1064
15,70,"Aston Martin",14.7,1064
7,70,"Alfa Romeo",14.7,1064
16,70,"Alfa Romeo",14.7,1064
0,70,"Williams",14.7,1064
11,70,"Alfa Romeo",16.3,1070
19,70,"Alpine F1 Team",16.3,1070
7,70,"McLaren",16.3,1070
12,70,"Alpine F1 Team",16.3,1070
10,70,"Alfa Romeo",16.3,1070
9,70,"Aston Martin",16.3,1070
6,70,"Ferrari",16.3,1070
18,70,"McLaren",16.3,1070
8,70,"Alpine F1 Team",20.2,1071
12,70,"Alpine F1 Team",20.2,1071
5,70,"McLaren",20.2,1071
9,70,"Aston Martin",20.2,1071
7,70,"AlphaTauri",20.2,1071
17,70,"Williams",20.2,1071
0,70,"Alfa Romeo",20.2,1071
15,70,"AlphaTauri",20.2,1071
13,70,"Alfa Romeo",20.2,1071
16,70,"Williams",20.2,1071
20,56,"Sauber",18.6,900
13,56,"Sauber",18.6,900
13,56,"Williams",27.6,901
18,56,"Williams",27.6,901
2,56,"Red Bull",27.6,901
4,56,"Ferrari",27.6,901
7,56,"Force India",27.6,901
3,56,"Mercedes",27.6,901
1,56,"Mercedes",27.6,901
10,56,"McLaren",27.6,901
19,56,"Marussia",25.3,902
10,56,"Lotus F1",16.1,916
7,56,"McLaren",16.1,916
18,56,"Red Bull",16.1,916
6,56,"Ferrari",16.1,916
3,56,"Williams",16.1,916
4,56,"Williams",16.1,916
5,56,"Red Bull",16.1,916
1,56,"Mercedes",16.1,916
2,56,"Mercedes",16.1,916
14,56,"Toro Rosso",16.1,916
16,56,"McLaren",18.6,926
2,56,"Ferrari",27.6,927
6,56,"Toro Rosso",27.6,927
7,56,"Williams",27.6,927
8,56,"Williams",27.6,927
11,56,"Ferrari",27.6,927
3,56,"Mercedes",27.6,927
1,56,"Mercedes",27.6,927
1,56,"Mercedes",15.1,928
7,56,"Red Bull",15.1,928
9,56,"Sauber",15.1,928
8,56,"Lotus F1",15.1,928
5,56,"Williams",15.1,928
4,56,"Williams",15.1,928
6,56,"Ferrari",15.1,928
3,56,"Ferrari",15.1,928
2,56,"Mercedes",15.1,928
8,56,"Force India",25.3,929
13,56,"Sauber",25.3,929
16,56,"Lotus F1",25.3,929
12,56,"Sauber",25.3,929
14,56,"McLaren",25.3,929
17,56,"Red Bull",25.3,929
6,56,"Williams",25.3,929
11,56,"Force India",25.3,929
9,56,"McLaren",21.8,942
17,56,"Manor Marussia",21.8,942
15,56,"Sauber",21.8,942
2,56,"Mercedes",21.8,942
1,56,"Mercedes",21.8,942
13,56,"Ferrari",21.8,942
8,56,"Toro Rosso",21.8,942
3,56,"Red Bull",21.8,942
11,56,"McLaren",21.8,942
20,56,"Toro Rosso",21.8,942
12,56,"Lotus F1",21.8,942
5,56,"Force India",21.8,942
21,56,"Manor Marussia",18.6,948
17,56,"Sauber",18.6,948
12,56,"McLaren",18.6,948
21,56,"Sauber",25.3,949
8,56,"Force India",25.3,949
18,56,"Force India",25.3,949
20,56,"Manor Marussia",25.3,949
16,56,"Manor Marussia",25.3,949
17,56,"Sauber",25.3,949
12,56,"McLaren",25.3,949
22,56,"Renault",25.3,949
15,56,"Red Bull",25.3,949
7,56,"Williams",25.3,949
6,56,"Williams",25.3,949
12,56,"McLaren",15.1,950
11,56,"McLaren",15.1,950
1,56,"Mercedes",15.1,950
5,56,"Williams",15.1,950
8,56,"Toro Rosso",15.1,950
9,56,"Toro Rosso",15.1,950
22,56,"Mercedes",15.1,950
10,56,"Williams",15.1,950
3,56,"Ferrari",15.1,950
2,56,"Red Bull",15.1,950
6,56,"Red Bull",15.1,950
4,56,"Ferrari",15.1,950
7,56,"Force India",15.1,950
14,56,"Haas F1 Team",19.3,952
16,56,"Toro Rosso",27.1,963
19,56,"Renault",27.1,963
3,56,"Red Bull",27.1,963
2,56,"Mercedes",27.1,963
6,56,"Ferrari",27.1,963
11,56,"Williams",27.1,963
4,56,"Red Bull",27.1,963
22,56,"McLaren",27.1,963
8,56,"Force India",27.1,963
9,56,"McLaren",27.1,963
7,56,"Force India",27.1,963
1,56,"Mercedes",21.8,965
2,56,"Mercedes",21.8,965
3,56,"Red Bull",21.8,965
6,56,"Ferrari",21.8,965
10,56,"Toro Rosso",21.8,965
12,56,"McLaren",21.8,965
11,56,"Renault",18.6,969
9,56,"Toro Rosso",18.6,969
13,56,"Force India",18.6,969
10,56,"Force India",18.6,969
8,56,"Toro Rosso",18.6,969
1,56,"Mercedes",15.1,970
2,56,"Ferrari",15.1,970
16,56,"Red Bull",15.1,970
5,56,"Red Bull",15.1,970
3,56,"Mercedes",15.1,970
11,56,"Toro Rosso",15.1,970
4,56,"Ferrari",15.1,970
13,56,"Sauber",25.3,971
10,56,"Renault",25.3,971
11,56,"Toro Rosso",25.3,971
19,56,"Sauber",27,982
1,56,"Mercedes",27.1,983
4,56,"Red Bull",27.1,983
20,56,"Ferrari",27.1,983
3,56,"Red Bull",27.1,983
9,56,"Force India",27.1,983
5,56,"Mercedes",27.1,983
1,56,"Mercedes",21.8,985
2,56,"Ferrari",21.8,985
5,56,"Ferrari",21.8,985
16,56,"Red Bull",21.8,985
6,56,"Force India",21.8,985
7,56,"Renault",21.8,985
3,56,"Mercedes",21.8,985
19,56,"Sauber",25.3,990
11,56,"Toro Rosso",25.3,990
12,56,"Force India",25.3,990
18,56,"Williams",25.3,990
20,56,"Williams",25.3,990
16,56,"Haas F1 Team",25.3,990
10,56,"Renault",25.3,990
17,56,"Sauber",25.3,990
8,56,"Force India",25.3,990
13,56,"McLaren",25.3,990
14,56,"McLaren",25.3,990
12,56,"Force India",15.1,991
19,56,"Sauber",15.1,991
17,56,"Toro Rosso",15.1,991
10,56,"Haas F1 Team",15.1,991
20,56,"Sauber",15.1,991
16,56,"Williams",15.1,991
18,56,"Williams",15.1,991
14,56,"McLaren",15.1,991
8,56,"Force India",15.1,991
11,56,"Haas F1 Team",15.1,991
1,56,"Ferrari",15.1,991
13,56,"McLaren",15.1,991
7,56,"Renault",15.1,991
5,56,"Red Bull",15.1,991
4,56,"Mercedes",15.1,991
2,56,"Ferrari",15.1,991
3,56,"Mercedes",15.1,991
6,56,"Red Bull",15.1,991
9,56,"Renault",15.1,991
6,56,"Force India",21.8,1006
12,56,"Haas F1 Team",21.8,1006
10,56,"Force India",21.8,1006
11,56,"Renault",21.8,1006
7,56,"Renault",21.8,1006
3,56,"Mercedes",21.8,1006
5,56,"Ferrari",21.8,1006
1,56,"Mercedes",21.8,1006
18,56,"Red Bull",21.8,1006
2,56,"Ferrari",21.8,1006
19,56,"Williams",18.6,1010
19,56,"Williams",21.2,1011
18,56,"Racing Point",21.2,1011
6,56,"Haas F1 Team",21.2,1011
15,56,"Toro Rosso",21.2,1011
6,56,"Red Bull",15.1,1012
4,56,"Ferrari",15.1,1012
5,56,"Red Bull",15.1,1012
3,56,"Ferrari",15.1,1012
1,56,"Mercedes",15.1,1012
2,56,"Mercedes",15.1,1012
3,56,"Mercedes",20,1020
4,56,"Ferrari",16.1,1028
1,56,"Mercedes",16.1,1028
5,56,"Mercedes",16.1,1028
3,56,"Red Bull",16.1,1028
9,56,"Renault",16.1,1028
8,56,"McLaren",16.1,1028
6,56,"Red Bull",16.1,1028
10,56,"AlphaTauri",24.5,1045
18,56,"Haas F1 Team",24.5,1045
16,56,"Alfa Romeo",24.5,1045
17,56,"Alfa Romeo",24.5,1045
20,56,"Williams",24.5,1045
11,56,"Ferrari",24.5,1045
14,56,"Williams",24.5,1045
12,56,"Ferrari",24.5,1045
4,56,"McLaren",,1051
10,56,"Aston Martin",,1051
18,56,"Alfa Romeo",,1051
14,56,"McLaren",,1051
8,56,"AlphaTauri",,1051
16,56,"Alfa Romeo",,1051
19,56,"Haas F1 Team",,1051
2,56,"AlphaTauri",,1051
2,56,"Mercedes",21.2,1052
1,56,"Red Bull",21.2,1052
3,56,"Mercedes",21.2,1052
7,56,"McLaren",21.2,1052
0,56,"Red Bull",21.2,1052
4,56,"Ferrari",21.2,1052
6,56,"McLaren",21.2,1052
8,56,"Ferrari",21.2,1052
13,56,"AlphaTauri",21.2,1052
10,56,"Aston Martin",21.2,1052
14,56,"Alfa Romeo",21.2,1052
14,56,"Haas F1 Team",15.6,1067
18,56,"Haas F1 Team",15.6,1067
7,56,"McLaren",21.8,1069
5,56,"Ferrari",21.8,1069
9,56,"Mercedes",21.8,1069
6,56,"McLaren",21.8,1069
4,56,"Ferrari",21.8,1069
3,56,"Red Bull",21.8,1069
2,56,"Mercedes",21.8,1069
1,56,"Red Bull",21.8,1069
2,71,"Williams",18.7,907
1,71,"Williams",18.7,907
6,71,"McLaren",18.7,907
9,71,"Mercedes",18.7,907
4,71,"Ferrari",18.7,907
8,71,"Ferrari",18.7,907
3,71,"Mercedes",18.7,907
11,71,"McLaren",18.7,907
5,71,"Red Bull",18.7,907
15,71,"Force India",18.7,907
10,71,"Force India",18.7,907
1,71,"Mercedes",18.7,933
4,71,"Williams",18.7,933
3,71,"Ferrari",18.7,933
2,71,"Mercedes",18.7,933
5,71,"Force India",18.7,933
6,71,"Williams",18.7,933
14,71,"Sauber",16.3,943
20,71,"McLaren",16.3,943
11,71,"Toro Rosso",16.3,943
13,71,"Lotus F1",16.3,943
8,71,"Toro Rosso",16.3,943
1,71,"Mercedes",16.3,943
2,71,"Mercedes",16.3,943
6,71,"Williams",16.3,943
4,71,"Red Bull",16.3,943
12,71,"Lotus F1",16.3,943
7,71,"Williams",16.3,943
10,71,"Force India",16.3,943
9,71,"Force India",16.3,943
5,71,"Red Bull",16.3,943
1,71,"Mercedes",20.8,956
8,71,"Red Bull",20.8,956
4,71,"Ferrari",20.8,956
6,71,"Mercedes",20.8,956
3,71,"McLaren",20.8,956
13,71,"Haas F1 Team",20.8,956
15,71,"Toro Rosso",20.8,956
5,71,"Red Bull",20.8,956
9,71,"Williams",17.1,966
8,71,"Williams",17.1,966
5,71,"Force India",17.1,966
6,71,"Ferrari",17.1,966
7,71,"Ferrari",17.1,966
3,71,"Red Bull",17.1,966
4,71,"Red Bull",17.1,966
2,71,"Mercedes",17.1,966
1,71,"Mercedes",17.1,966
12,71,"Force India",17.1,966
17,71,"Williams",17.5,974
9,71,"Toro Rosso",17.5,974
1,71,"Mercedes",20.8,977
2,71,"Ferrari",20.8,977
4,71,"Red Bull",20.8,977
3,71,"Ferrari",20.8,977
6,71,"Haas F1 Team",20.8,977
8,71,"Mercedes",20.8,977
1,71,"Ferrari",17.1,986
5,71,"Ferrari",17.1,986
4,71,"Mercedes",17.1,986
2,71,"Red Bull",17.1,986
3,71,"Ferrari",20.8,997
6,71,"Ferrari",20.8,997
4,71,"Red Bull",20.8,997
2,71,"Red Bull",17.1,1007
4,71,"Ferrari",17.1,1007
6,71,"Ferrari",17.1,1007
3,71,"Mercedes",17.1,1007
1,71,"Ferrari",18.7,1018
3,71,"Mercedes",18.7,1018
9,71,"Ferrari",18.7,1018
2,71,"Red Bull",18.7,1018
4,71,"Mercedes",18.7,1018
3,71,"Mercedes",17.1,1027
13,71,"Renault",17.1,1027
11,71,"Racing Point",17.1,1027
4,71,"Red Bull",17.1,1027
5,71,"Red Bull",17.1,1027
1,71,"Ferrari",17.1,1027
6,71,"Mercedes",17.1,1027
2,71,"Ferrari",17.1,1027
20,71,"Williams",20.8,1031
18,71,"Alfa Romeo",20.8,1031
14,71,"Renault",20.8,1031
12,71,"AlphaTauri",20.8,1031
6,71,"Racing Point",20.8,1031
8,71,"McLaren",20.8,1031
5,71,"Mercedes",20.8,1031
3,71,"McLaren",20.8,1031
7,71,"Ferrari",20.8,1031
11,71,"Ferrari",20.8,1031
1,71,"Mercedes",20.8,1031
1,71,"Mercedes",20.8,1032
8,71,"Renault",20.8,1032
12,71,"Racing Point",20.8,1032
17,71,"Racing Point",20.8,1032
9,71,"McLaren",20.8,1032
6,71,"Red Bull",20.8,1032
2,71,"Red Bull",20.8,1032
4,71,"Mercedes",20.8,1032
1,71,"Red Bull",18.7,1058
2,71,"Mercedes",18.7,1058
5,71,"Mercedes",18.7,1058
4,71,"Red Bull",18.7,1058
6,71,"AlphaTauri",20.8,1060
12,71,"Ferrari",20.8,1060
13,71,"McLaren",20.8,1060
3,71,"Red Bull",20.8,1060
10,71,"Ferrari",20.8,1060
4,71,"Mercedes",20.8,1060
2,71,"McLaren",20.8,1060
5,71,"Mercedes",20.8,1060
1,71,"Red Bull",20.8,1060
5,71,"Ferrari",14.7,1064
9,71,"Alpine F1 Team",14.7,1064
6,71,"Ferrari",14.7,1064
0,71,"Red Bull",14.7,1064
8,71,"Alpine F1 Team",14.7,1064
13,71,"McLaren",14.7,1064
10,71,"McLaren",14.7,1064
4,71,"AlphaTauri",14.7,1064
3,71,"Red Bull",16.3,1070
2,71,"Mercedes",16.3,1070
8,71,"Ferrari",16.3,1070
5,71,"AlphaTauri",16.3,1070
4,71,"Red Bull",16.3,1070
12,71,"Force India",20.2,917
1,71,"Mercedes",20.2,917
2,71,"Mercedes",20.2,917
3,71,"Williams",20.2,917
7,71,"McLaren",20.2,917
6,71,"Red Bull",20.2,917
8,71,"Ferrari",20.2,917
10,71,"Ferrari",20.2,917
5,71,"McLaren",20.2,917
4,71,"Ferrari",20.2,944
3,71,"Ferrari",20.2,944
2,71,"Mercedes",20.2,944
1,71,"Mercedes",20.2,944
18,71,"Renault",20.2,967
17,71,"McLaren",20.2,967
14,71,"Toro Rosso",20.2,967
22,71,"Manor Marussia",20.2,967
19,71,"Manor Marussia",20.2,967
10,71,"McLaren",20.2,967
1,71,"Mercedes",20.2,967
2,71,"Mercedes",20.2,967
4,71,"Red Bull",20.2,967
9,71,"Force India",20.2,967
11,71,"Williams",20.2,967
15,71,"Toro Rosso",20.2,967
8,71,"Force India",20.2,967
6,71,"Red Bull",20.2,967
21,71,"Sauber",20.2,967
5,71,"Ferrari",20.2,967
5,71,"Force India",20.2,987
1,71,"Mercedes",20.2,987
3,71,"Ferrari",20.2,987
20,71,"Mercedes",20.2,987
2,71,"Ferrari",20.2,987
14,71,"Red Bull",20.2,987
9,71,"Williams",20.2,987
6,71,"McLaren",20.2,987
4,71,"Red Bull",20.2,987
10,71,"Haas F1 Team",20.2,1008
5,71,"Red Bull",20.2,1008
4,71,"Ferrari",20.2,1008
11,71,"Red Bull",20.2,1008
1,71,"Mercedes",20.2,1008
2,71,"Ferrari",20.2,1008
7,71,"Sauber",20.2,1008
8,71,"Haas F1 Team",20.2,1008
3,71,"Mercedes",20.2,1008
18,71,"Williams",20.2,1029
13,71,"Renault",20.2,1029
5,71,"Red Bull",20.2,1029
7,71,"Haas F1 Team",20.2,1029
9,71,"Haas F1 Team",20.2,1029
16,71,"Toro Rosso",20.2,1029
15,71,"Racing Point",20.2,1029
10,71,"McLaren",20.2,1029
3,71,"Mercedes",20.2,1029
11,71,"Renault",20.2,1029
12,71,"Alfa Romeo",20.2,1029
8,71,"Alfa Romeo",20.2,1029
20,71,"McLaren",20.2,1029
6,71,"Toro Rosso",20.2,1029
1,71,"Red Bull",20.2,1029
2,71,"Red Bull",20.2,1071
1,71,"Mercedes",20.2,1071
10,71,"Mercedes",20.2,1071
4,71,"Red Bull",20.2,1071
6,71,"Ferrari",20.2,1071
3,71,"Ferrari",20.2,1071
17,55,"Marussia",18.6,900
20,55,"Caterham",27.6,901
15,55,"Lotus F1",27.6,901
11,55,"Toro Rosso",27.6,901
6,55,"Ferrari",27.6,901
8,55,"McLaren",27.6,901
6,55,"McLaren",25.3,902
13,55,"Williams",17.5,905
17,55,"Toro Rosso",16.1,916
15,55,"Sauber",16.1,916
8,55,"Ferrari",16.1,916
12,55,"McLaren",16.1,916
16,55,"Lotus F1",16.1,916
9,55,"McLaren",24.3,918
10,55,"Toro Rosso",24.3,918
7,55,"Ferrari",24.3,918
19,55,"Red Bull",24.3,918
11,55,"Force India",24.3,918
12,55,"Force India",24.3,918
6,55,"McLaren",24.3,918
20,55,"Red Bull",24.3,918
3,55,"Williams",24.3,918
4,55,"Williams",24.3,918
2,55,"Mercedes",24.3,918
8,55,"Ferrari",24.3,918
13,55,"Force India",27.6,927
14,55,"Force India",27.6,927
16,55,"Sauber",27.6,927
10,55,"Lotus F1",27.6,927
5,55,"Red Bull",27.6,927
15,55,"Toro Rosso",27.6,927
4,55,"Red Bull",27.6,927
14,55,"Toro Rosso",15.1,928
17,55,"McLaren",15.1,928
18,55,"McLaren",15.1,928
15,55,"Force India",15.1,928
10,55,"Sauber",15.1,928
18,55,"Manor Marussia",25.3,929
5,55,"Ferrari",21.5,936
10,55,"Toro Rosso",24.3,945
2,55,"Mercedes",24.3,945
18,55,"Lotus F1",24.3,945
1,55,"Mercedes",24.3,945
3,55,"Ferrari",24.3,945
15,55,"Ferrari",24.3,945
9,55,"Red Bull",24.3,945
5,55,"Red Bull",24.3,945
7,55,"Force India",24.3,945
8,55,"Williams",24.3,945
4,55,"Force India",24.3,945
18,55,"Haas F1 Team",15.1,950
19,55,"Renault",15.1,950
20,55,"Manor Marussia",15.1,950
16,55,"Sauber",15.1,950
14,55,"Haas F1 Team",15.1,950
21,55,"Manor Marussia",15.1,950
17,55,"Renault",15.1,950
15,55,"Sauber",15.1,950
13,55,"Force India",15.1,950
10,55,"Williams",27.1,963
20,55,"Manor Marussia",27.1,963
21,55,"Manor Marussia",27.1,963
15,55,"Toro Rosso",27.1,963
17,55,"Sauber",27.1,963
15,55,"Renault",21.8,965
20,55,"Manor Marussia",21.8,965
8,55,"Williams",21.8,965
21,55,"Sauber",21.8,965
16,55,"Sauber",21.8,965
18,55,"Renault",21.8,965
17,55,"Haas F1 Team",21.8,965
13,55,"Toro Rosso",21.8,965
9,55,"Williams",21.8,965
11,55,"Force India",21.8,965
19,55,"McLaren",21.8,965
13,55,"Haas F1 Team",24.3,968
9,55,"McLaren",24.3,968
1,55,"Mercedes",24.3,968
10,55,"Williams",24.3,968
8,55,"Force India",24.3,968
7,55,"Force India",24.3,968
4,55,"Ferrari",24.3,968
3,55,"Red Bull",24.3,968
6,55,"Red Bull",24.3,968
5,55,"Ferrari",24.3,968
2,55,"Mercedes",24.3,968
14,55,"Haas F1 Team",24.3,968
18,55,"McLaren",18.6,969
16,55,"Sauber",18.6,969
7,55,"Renault",15.1,970
14,55,"Sauber",15.1,970
6,55,"Williams",15.1,970
20,55,"Renault",15.1,970
19,55,"Haas F1 Team",15.1,970
8,55,"Force India",15.1,970
17,55,"Force India",15.1,970
12,55,"Haas F1 Team",15.1,970
16,55,"Haas F1 Team",27.1,983
15,55,"Toro Rosso",27.1,983
12,55,"Renault",27.1,983
8,55,"Renault",27.1,983
17,55,"Haas F1 Team",27.1,983
18,55,"Sauber",27.1,983
10,55,"McLaren",27.1,983
6,55,"Force India",27.1,983
11,55,"Williams",27.1,983
7,55,"McLaren",27.1,983
13,55,"Williams",27.1,983
20,55,"McLaren",21.8,985
17,55,"Haas F1 Team",21.8,985
13,55,"Sauber",21.8,985
12,55,"Haas F1 Team",21.8,985
19,55,"Toro Rosso",21.8,985
15,55,"Williams",21.8,985
10,55,"Williams",21.8,985
11,55,"Toro Rosso",21.8,985
9,55,"Force India",21.8,985
12,55,"Sauber",17.1,986
2,55,"Mercedes",24.3,988
3,55,"Ferrari",24.3,988
5,55,"Ferrari",24.3,988
1,55,"Mercedes",24.3,988
7,55,"Renault",24.3,988
8,55,"Force India",24.3,988
9,55,"Force India",24.3,988
6,55,"Red Bull",24.3,988
17,55,"McLaren",21.8,1006
14,55,"Williams",21.8,1006
19,55,"Toro Rosso",21.8,1006
16,55,"Sauber",21.8,1006
20,55,"Toro Rosso",21.8,1006
1,55,"Mercedes",24.3,1009
3,55,"Ferrari",24.3,1009
6,55,"Red Bull",24.3,1009
5,55,"Red Bull",24.3,1009
11,55,"Renault",24.3,1009
8,55,"Sauber",24.3,1009
14,55,"Force India",24.3,1009
2,55,"Mercedes",24.3,1009
20,55,"Williams",18.6,1010
20,55,"Williams",21.2,1011
9,55,"Haas F1 Team",15.1,1012
14,55,"McLaren",15.1,1012
19,55,"Alfa Romeo",15.1,1012
16,55,"Racing Point",15.1,1012
10,55,"Haas F1 Team",15.1,1012
0,55,"Toro Rosso",15.1,1012
13,55,"Alfa Romeo",15.1,1012
12,55,"Racing Point",15.1,1012
7,55,"Renault",15.1,1012
14,55,"Racing Point",16.1,1028
16,55,"Alfa Romeo",16.1,1028
15,55,"Haas F1 Team",16.1,1028
13,55,"Toro Rosso",16.1,1028
17,55,"Alfa Romeo",16.1,1028
11,55,"Renault",16.1,1028
0,55,"Racing Point",16.1,1028
7,55,"McLaren",16.1,1028
1,55,"Mercedes",20.6,1030
2,55,"Red Bull",20.6,1030
3,55,"Ferrari",20.6,1030
4,55,"Ferrari",20.6,1030
5,55,"Red Bull",20.6,1030
20,55,"Mercedes",20.6,1030
13,55,"Haas F1 Team",11.5,1044
10,55,"Renault",20.6,1047
9,55,"AlphaTauri",20.6,1047
11,55,"Renault",20.6,1047
6,55,"McLaren",20.6,1047
4,55,"McLaren",20.6,1047
5,55,"Red Bull",20.6,1047
3,55,"Mercedes",20.6,1047
2,55,"Mercedes",20.6,1047
1,55,"Red Bull",20.6,1047
8,55,"Racing Point",20.6,1047
15,55,"Williams",,1051
20,55,"Haas F1 Team",,1051
18,55,"Haas F1 Team",21.2,1052
12,55,"Alfa Romeo",21.2,1052
16,55,"Alpine F1 Team",21.2,1052
15,55,"Williams",21.2,1052
20,55,"Aston Martin",21.2,1052
12,55,"Alfa Romeo",21.8,1069
14,55,"Williams",21.8,1069
20,55,"Williams",21.8,1069
15,55,"Alfa Romeo",21.8,1069
13,55,"Aston Martin",21.8,1069
18,55,"Aston Martin",21.8,1069
10,55,"AlphaTauri",21.8,1069
7,51,"Force India",18.7,908
11,51,"Lotus F1",18.7,908
10,51,"Toro Rosso",18.7,908
13,51,"Sauber",18.7,908
12,51,"Marussia",18.7,908
15,51,"Sauber",19.2,912
22,51,"Caterham",19.2,912
16,51,"Caterham",15.8,915
15,51,"Sauber",18.7,934
11,51,"Force India",18.7,934
5,51,"Ferrari",18.7,934
17,51,"McLaren",18.7,934
14,51,"Manor Marussia",19.2,938
13,51,"Manor Marussia",19.2,938
19,51,"Manor Marussia",24.1,940
5,51,"Williams",24.1,940
17,51,"Manor Marussia",15.8,941
20,51,"Manor Marussia",16,951
17,51,"Sauber",17.5,953
5,51,"Williams",23.5,955
1,51,"Mercedes",23.5,955
3,51,"Ferrari",23.5,955
7,51,"Force India",23.5,955
4,51,"Ferrari",23.5,955
19,51,"McLaren",23.5,955
8,51,"Williams",23.5,955
2,51,"Red Bull",23.5,955
9,51,"Red Bull",23.5,955
12,51,"Force India",23.5,955
10,51,"Mercedes",23.5,955
17,51,"McLaren",18.7,957
14,51,"Haas F1 Team",18.7,957
21,51,"Sauber",18.7,957
6,51,"Williams",18.7,957
9,51,"McLaren",18.7,957
12,51,"Williams",18.7,957
22,51,"Manor Marussia",19.2,961
13,51,"Haas F1 Team",12.1,972
20,51,"McLaren",12.1,972
18,51,"Sauber",12.1,972
12,51,"Toro Rosso",12.1,972
11,51,"Williams",12.1,972
6,51,"Williams",12.1,972
14,51,"Toro Rosso",12.1,972
18,51,"McLaren",23.5,976
17,51,"Sauber",23.5,976
15,51,"Toro Rosso",23.5,976
19,51,"McLaren",23.5,976
12,51,"Haas F1 Team",23.5,976
7,51,"Force India",23.5,976
1,51,"Mercedes",23.5,976
4,51,"Ferrari",23.5,976
8,51,"Williams",23.5,976
2,51,"Mercedes",23.5,976
10,51,"Red Bull",23.5,976
14,51,"Sauber",23.5,976
9,51,"Mercedes",18.7,978
2,51,"Ferrari",18.7,978
4,51,"Red Bull",18.7,978
1,51,"Mercedes",18.7,978
5,51,"Renault",18.7,978
3,51,"Ferrari",18.7,978
19,51,"Red Bull",18.7,978
12,51,"Sauber",19.2,981
17,51,"Sauber",17.8,984
15,51,"Toro Rosso",15.1,991
15,51,"Haas F1 Team",12.9,992
17,51,"Toro Rosso",12.9,992
18,51,"Sauber",12.9,992
19,51,"Toro Rosso",12.9,992
16,51,"McLaren",12.9,992
6,51,"Ferrari",12.9,992
8,51,"Force India",12.9,992
1,51,"Ferrari",12.9,992
2,51,"Mercedes",12.9,992
13,51,"Sauber",12.9,992
12,51,"McLaren",12.9,992
10,51,"Williams",12.9,992
9,51,"Renault",12.9,992
1,51,"Ferrari",20,999
12,51,"Williams",20,999
13,51,"Williams",20,1004
11,51,"Renault",20,1004
15,51,"McLaren",20,1004
13,51,"Racing Point",12.9,1013
2,51,"Mercedes",12.9,1013
3,51,"Ferrari",12.9,1013
4,51,"Red Bull",12.9,1013
1,51,"Mercedes",12.9,1013
5,51,"Racing Point",12.9,1013
9,51,"McLaren",12.9,1013
7,51,"McLaren",12.9,1013
8,51,"Ferrari",12.9,1013
18,51,"Williams",21.3,1017
20,51,"Williams",21.3,1017
15,51,"Racing Point",18.7,1019
6,51,"Ferrari",18.7,1019
20,51,"Williams",18.7,1019
19,51,"Williams",18.7,1019
15,51,"Williams",19.2,1023
10,51,"Haas F1 Team",17.8,1026
15,51,"Renault",17.8,1026
16,51,"Renault",17.8,1026
19,51,"Haas F1 Team",17.8,1026
11,51,"Alfa Romeo",17.8,1026
13,51,"Alfa Romeo",17.8,1026
8,51,"McLaren",17.8,1026
12,51,"Racing Point",17.8,1026
17,51,"Racing Point",17.8,1026
9,51,"Toro Rosso",17.8,1026
2,51,"Ferrari",17.8,1026
14,51,"Toro Rosso",17.8,1026
4,51,"Mercedes",20.2,1029
16,51,"Alfa Romeo",18.5,1034
18,51,"Williams",18.5,1035
15,51,"Williams",18.5,1035
19,51,"Alfa Romeo",18.5,1035
13,51,"Haas F1 Team",18.5,1035
20,51,"Alfa Romeo",18.5,1035
5,51,"Renault",18.5,1035
12,51,"Racing Point",18.8,1042
13,51,"Williams",7.2,1043
17,51,"Williams",21.2,1052
6,51,"Red Bull",23.5,1057
11,51,"Aston Martin",23.5,1057
4,51,"AlphaTauri",23.5,1057
1,51,"Ferrari",23.5,1057
9,51,"McLaren",23.5,1057
8,51,"Alpine F1 Team",23.5,1057
5,51,"Ferrari",23.5,1057
13,51,"McLaren",23.5,1057
14,51,"Alfa Romeo",23.5,1057
7,51,"AlphaTauri",23.5,1057
10,51,"Mercedes",23.5,1057
20,51,"Alfa Romeo",23.5,1057
16,51,"Williams",23.5,1057
18,51,"Haas F1 Team",23.5,1057
17,51,"Haas F1 Team",23.5,1057
2,51,"Mercedes",23.5,1057
0,51,"Red Bull",18.7,1061
13,51,"Alfa Romeo",18.7,1061
17,51,"Williams",18.7,1061
15,51,"Alfa Romeo",18.7,1061
12,51,"Williams",18.7,1061
19,51,"Haas F1 Team",18.7,1061
18,51,"Haas F1 Team",18.7,1061
15,51,"Haas F1 Team",20,1066
20,69,"Caterham",18.7,907
21,69,"Marussia",18.7,907
18,69,"Marussia",18.7,907
19,69,"Caterham",18.7,907
17,69,"Sauber",18.7,907
10,69,"Toro Rosso",21.5,910
15,69,"Marussia",21.5,910
18,69,"Marussia",21.5,910
11,69,"Sauber",18.7,933
6,69,"Williams",21.5,936
14,69,"Lotus F1",21.5,936
8,69,"Williams",21.5,936
18,69,"Sauber",21.5,936
10,69,"Lotus F1",21.5,936
16,69,"McLaren",21.5,936
2,69,"Mercedes",21.5,936
1,69,"Mercedes",21.5,936
15,69,"McLaren",21.5,936
9,69,"Toro Rosso",21.5,936
4,69,"Red Bull",21.5,936
7,69,"Red Bull",21.5,936
3,69,"Ferrari",21.5,936
17,69,"Sauber",21.5,936
17,69,"Manor Marussia",16.3,943
16,69,"Manor Marussia",16.3,943
12,69,"Sauber",20.2,944
16,69,"Force India",20.8,956
11,69,"Haas F1 Team",21.5,958
19,69,"Renault",21.5,958
12,69,"Toro Rosso",21.5,958
16,69,"Sauber",21.5,958
15,69,"Haas F1 Team",21.5,958
17,69,"Renault",21.5,958
13,69,"Force India",21.5,958
9,69,"Force India",21.5,958
7,69,"McLaren",21.5,958
6,69,"Toro Rosso",21.5,958
10,69,"Williams",21.5,958
20,69,"Manor Marussia",17.1,966
19,69,"Sauber",20.8,977
10,69,"Renault",21.5,979
17,69,"Williams",21.5,979
15,69,"Haas F1 Team",21.5,979
16,69,"Toro Rosso",21.5,979
11,69,"Force India",21.5,979
13,69,"Force India",21.5,979
9,69,"Toro Rosso",21.5,979
8,69,"McLaren",21.5,979
15,69,"Haas F1 Team",17.1,986
13,69,"Sauber",17.1,986
11,69,"Haas F1 Team",20.2,987
16,69,"Williams",20.2,987
17,69,"Williams",20.8,997
14,69,"Williams",20.8,997
18,69,"Force India",21.5,1000
19,69,"Force India",21.5,1000
13,69,"Renault",21.5,1000
8,69,"Toro Rosso",21.5,1000
5,69,"Renault",21.5,1000
10,69,"Haas F1 Team",21.5,1000
9,69,"Haas F1 Team",21.5,1000
11,69,"McLaren",21.5,1000
19,69,"Williams",17.1,1007
14,69,"Toro Rosso",17.1,1007
16,69,"Haas F1 Team",17.1,1007
17,69,"Williams",17.1,1007
11,69,"Force India",17.1,1007
10,69,"Sauber",17.1,1007
20,69,"Toro Rosso",17.1,1007
7,69,"Renault",17.1,1007
9,69,"Sauber",17.1,1007
15,69,"McLaren",17.1,1007
19,69,"Williams",20.2,1008
17,69,"McLaren",20.2,1008
14,69,"Williams",20.2,1008
10,69,"Haas F1 Team",18.7,1018
0,69,"Williams",18.7,1018
16,69,"Racing Point",21.2,1021
20,69,"Renault",21.2,1021
14,69,"Haas F1 Team",21.2,1021
11,69,"Renault",21.2,1021
12,69,"Toro Rosso",21.2,1021
2,69,"Mercedes",21.2,1021
10,69,"Alfa Romeo",21.2,1021
6,69,"Red Bull",21.2,1021
8,69,"McLaren",21.2,1021
7,69,"McLaren",21.2,1021
17,69,"Haas F1 Team",17.1,1027
19,69,"Williams",17.1,1027
20,69,"Williams",17.1,1027
18,69,"Haas F1 Team",17.1,1027
13,69,"AlphaTauri",20.8,1031
18,69,"Williams",20.8,1032
11,69,"Williams",20.8,1032
8,69,"McLaren",21.5,1033
14,69,"Renault",21.5,1033
20,69,"Alfa Romeo",21.5,1033
0,69,"Haas F1 Team",21.5,1033
12,69,"Williams",21.5,1033
17,69,"AlphaTauri",21.5,1033
19,69,"Alfa Romeo",21.5,1033
6,69,"Ferrari",21.5,1033
0,69,"Haas F1 Team",21.5,1033
9,69,"McLaren",21.5,1033
11,69,"Renault",21.5,1033
4,69,"Racing Point",21.5,1033
5,69,"Ferrari",21.5,1033
19,69,"Haas F1 Team",18.7,1058
19,69,"Haas F1 Team",20.8,1060
11,69,"Aston Martin",20.8,1060
20,69,"Haas F1 Team",20.8,1060
11,69,"McLaren",21.2,1062
0,69,"Alfa Romeo",21.2,1062
20,69,"Haas F1 Team",21.2,1062
13,69,"Alfa Romeo",21.2,1062
11,69,"Williams",14.7,1064
17,69,"Haas F1 Team",14.7,1064
13,69,"Williams",16.3,1070
16,69,"Williams",16.3,1070
1,69,"Mercedes",16.3,1070
20,69,"Aston Martin",16.3,1070
18,69,"Haas F1 Team",20.2,1071
19,69,"Haas F1 Team",20.2,1071
16,57,"Lotus F1",25.3,902
17,57,"Lotus F1",25.3,902
11,57,"Force India",25.3,902
21,57,"Marussia",25.3,902
4,57,"Force India",25.3,902
12,57,"Toro Rosso",25.3,902
5,57,"Ferrari",25.3,902
9,57,"Ferrari",25.3,902
1,57,"Mercedes",25.3,902
7,57,"Williams",25.3,902
3,57,"Williams",25.3,902
2,57,"Mercedes",25.3,902
13,57,"Red Bull",25.3,902
10,57,"Red Bull",25.3,902
18,57,"Caterham",25.3,902
1,57,"Mercedes",25.3,929
4,57,"Ferrari",25.3,929
3,57,"Mercedes",25.3,929
5,57,"Williams",25.3,929
7,57,"Red Bull",25.3,929
10,57,"Lotus F1",25.3,929
2,57,"Ferrari",25.3,929
15,57,"Sauber",16.3,943
2,57,"Mercedes",25.3,949
4,57,"Ferrari",25.3,949
1,57,"Mercedes",25.3,949
5,57,"Red Bull",25.3,949
9,57,"Haas F1 Team",25.3,949
10,57,"Toro Rosso",25.3,949
21,57,"Sauber",20,959
14,57,"Force India",25.3,971
9,57,"Haas F1 Team",25.3,971
18,57,"Force India",25.3,971
8,57,"Williams",25.3,971
4,57,"Red Bull",25.3,971
5,57,"Ferrari",25.3,971
1,57,"Mercedes",25.3,971
2,57,"Mercedes",25.3,971
3,57,"Ferrari",25.3,971
7,57,"Renault",25.3,971
1,57,"Ferrari",25.3,990
3,57,"Mercedes",25.3,990
9,57,"Mercedes",25.3,990
5,57,"Toro Rosso",25.3,990
7,57,"Renault",25.3,990
6,57,"Haas F1 Team",25.3,990
16,57,"Alfa Romeo",21.2,1011
14,57,"Racing Point",21.2,1011
13,57,"Red Bull",21.2,1011
8,57,"Alfa Romeo",21.2,1011
9,57,"McLaren",21.2,1011
2,57,"Ferrari",21.2,1011
5,57,"Red Bull",21.2,1011
1,57,"Ferrari",21.2,1011
4,57,"Mercedes",21.2,1011
3,57,"Mercedes",21.2,1011
12,57,"Toro Rosso",21.2,1011
16,57,"AlphaTauri",11.5,1044
0,57,"Williams",11.5,1044
8,57,"Alfa Romeo",11.5,1044
9,57,"Mercedes",11.5,1044
19,57,"AlphaTauri",11.5,1044
7,57,"Renault",11.5,1044
2,57,"Mercedes",24.5,1045
6,57,"Renault",24.5,1045
8,57,"AlphaTauri",24.5,1045
15,57,"McLaren",24.5,1045
9,57,"McLaren",24.5,1045
4,57,"Red Bull",24.5,1045
3,57,"Red Bull",24.5,1045
1,57,"Mercedes",24.5,1045
7,57,"Renault",24.5,1045
13,57,"Ferrari",,1051
5,57,"Ferrari",,1051
12,57,"Aston Martin",,1051
3,57,"Alpine F1 Team",,1051
11,57,"Red Bull",,1051
9,57,"Alpine F1 Team",,1051
7,57,"Red Bull",,1051
1,57,"Mercedes",,1051
12,57,"Alpine F1 Team",15.6,1067
17,57,"Alfa Romeo",15.6,1067
20,57,"McLaren",15.6,1067
9,57,"AlphaTauri",15.6,1067
13,57,"Williams",15.6,1067
5,57,"Alpine F1 Team",15.6,1067
15,57,"Williams",15.6,1067
10,57,"Aston Martin",15.6,1067
16,57,"Alfa Romeo",15.6,1067
21,54,"Marussia",27.6,901
22,54,"Caterham",27.6,901
8,54,"Force India",15.1,903
4,54,"Mercedes",15.1,903
7,54,"Williams",15.1,903
1,54,"Mercedes",15.1,903
11,54,"Ferrari",15.1,903
5,54,"Ferrari",15.1,903
3,54,"Red Bull",15.1,903
16,54,"Force India",15.1,903
2,54,"Red Bull",15.1,903
17,54,"Caterham",24.3,918
13,54,"Sauber",24.3,918
14,54,"Sauber",24.3,918
1,54,"Mercedes",24.3,918
18,54,"Lotus F1",24.3,918
19,54,"Manor Marussia",15.1,928
20,54,"Manor Marussia",15.1,928
19,54,"Manor Marussia",25.3,929
6,54,"Williams",24.3,945
17,54,"Sauber",24.3,945
14,54,"Sauber",24.3,945
11,54,"Toro Rosso",24.3,945
12,54,"McLaren",24.3,945
22,54,"Manor Marussia",21.8,965
20,54,"Manor Marussia",24.3,968
15,54,"Renault",24.3,968
19,54,"Sauber",24.3,968
22,54,"Sauber",24.3,968
16,54,"Manor Marussia",24.3,968
15,54,"McLaren",25.3,971
19,54,"Sauber",27.1,983
13,54,"McLaren",24.3,988
15,54,"Williams",24.3,988
19,54,"Sauber",24.3,988
17,54,"Toro Rosso",24.3,988
20,54,"Toro Rosso",24.3,988
18,54,"Sauber",24.3,988
14,54,"Haas F1 Team",24.3,988
16,54,"Haas F1 Team",24.3,988
10,54,"Williams",24.3,988
11,54,"McLaren",24.3,988
19,54,"Toro Rosso",20.8,997
15,54,"Williams",21.8,1006
16,54,"Toro Rosso",24.3,1009
19,54,"Williams",24.3,1009
18,54,"McLaren",24.3,1009
20,54,"Williams",24.3,1009
15,54,"McLaren",24.3,1009
7,54,"Haas F1 Team",24.3,1009
13,54,"Haas F1 Team",24.3,1009
17,54,"Williams",15.1,1012
18,54,"Williams",15.1,1012
18,54,"Williams",16.1,1028
10,54,"Toro Rosso",16.1,1028
9,54,"Renault",20.6,1030
17,54,"Alfa Romeo",20.6,1030
14,54,"Haas F1 Team",20.6,1030
15,54,"Haas F1 Team",20.6,1030
18,54,"Williams",20.6,1030
7,54,"Renault",20.6,1030
16,54,"Alfa Romeo",20.6,1030
8,54,"McLaren",20.6,1030
6,54,"McLaren",20.6,1030
13,54,"Toro Rosso",20.6,1030
10,54,"Racing Point",20.6,1030
12,54,"Ferrari",20.6,1047
13,54,"Ferrari",20.6,1047
16,54,"Williams",20.6,1047
20,54,"Haas F1 Team",20.6,1047
15,54,"Alfa Romeo",20.6,1047
18,54,"Williams",20.6,1047
7,54,"AlphaTauri",20.6,1047
14,54,"Alfa Romeo",20.6,1047
17,54,"Haas F1 Team",21.8,1069
16,54,"Haas F1 Team",21.8,1069
16,7,"Lotus F1",27.6,901
14,0,"Force India",27.6,901
9,18,"Toro Rosso",27.6,901
5,49,"Red Bull",27.6,901
19,8,"Marussia",27.6,901
17,32,"Sauber",27.6,901
12,35,"Sauber",27.6,901
22,17,"Sauber",25.3,902
14,18,"Toro Rosso",25.3,902
15,39,"Sauber",25.3,902
20,33,"Caterham",25.3,902
8,40,"McLaren",25.3,902
10,28,"Lotus F1",15.1,903
14,5,"Sauber",15.1,903
14,59,"Toro Rosso",18.7,907
7,24,"Toro Rosso",18.7,907
12,34,"Red Bull",18.7,907
21,11,"Caterham",18.7,908
20,49,"Lotus F1",18.7,908
1,28,"Mercedes",18.7,908
19,9,"Sauber",18.7,908
22,50,"Caterham",18.7,908
15,0,"Williams",18.7,908
17,50,"Marussia",18.7,908
18,0,"Ferrari",18.7,908
13,33,"Sauber",21.5,910
14,11,"Lotus F1",21.5,910
9,16,"Force India",21.5,910
19,8,"Caterham",21.5,910
12,23,"Force India",21.5,910
17,26,"Caterham",21.5,910
7,28,"Ferrari",19.2,912
20,5,"Marussia",19.2,912
10,43,"Ferrari",17.8,914
14,40,"Sauber",17.8,914
18,41,"Marussia",17.8,914
19,43,"Caterham",17.8,914
21,43,"Marussia",17.8,914
17,43,"Caterham",17.8,914
22,43,"Lotus F1",17.8,914
16,43,"Lotus F1",17.8,914
7,43,"McLaren",17.8,914
15,43,"Sauber",17.8,914
5,2,"Ferrari",17.8,914
12,43,"Toro Rosso",17.8,914
20,44,"Toro Rosso",17.8,914
13,44,"Force India",17.8,914
4,44,"Williams",17.8,914
3,44,"Williams",17.8,914
8,44,"McLaren",17.8,914
6,44,"Red Bull",17.8,914
9,44,"Red Bull",17.8,914
1,44,"Mercedes",17.8,914
2,44,"Mercedes",17.8,914
11,43,"Force India",17.8,914
20,9,"Marussia",15.8,915
19,21,"Caterham",15.8,915
9,0,"Sauber",16.1,916
11,1,"Force India",16.1,916
13,16,"Force India",16.1,916
9,39,"Red Bull",20.2,917
14,63,"Lotus F1",20.2,917
5,14,"Toro Rosso",24.3,918
16,42,"Caterham",24.3,918
15,26,"Lotus F1",24.3,918
12,47,"Lotus F1",27.6,927
0,0,"Manor Marussia",27.6,927
18,21,"McLaren",27.6,927
9,3,"Sauber",27.6,927
17,41,"McLaren",27.6,927
11,49,"Lotus F1",15.1,928
12,15,"Red Bull",15.1,928
16,9,"Force India",15.1,928
20,0,"McLaren",25.3,929
15,34,"Toro Rosso",25.3,929
9,29,"Toro Rosso",25.3,929
16,68,"Manor Marussia",18.7,933
9,35,"Lotus F1",18.7,933
19,0,"McLaren",18.7,933
17,1,"Manor Marussia",18.7,933
14,0,"Ferrari",18.7,933
12,35,"Toro Rosso",18.7,933
20,8,"McLaren",18.7,933
16,0,"Sauber",18.7,934
20,49,"Manor Marussia",18.7,934
12,0,"Lotus F1",18.7,934
18,0,"McLaren",18.7,934
13,3,"Toro Rosso",18.7,934
10,21,"Red Bull",18.7,934
8,31,"Toro Rosso",18.7,934
19,49,"Manor Marussia",18.7,934
14,0,"Lotus F1",18.7,934
19,67,"Manor Marussia",21.5,936
11,41,"Force India",21.5,936
12,60,"Toro Rosso",21.5,936
20,65,"Manor Marussia",21.5,936
10,1,"Lotus F1",19.2,938
8,1,"Lotus F1",19.2,938
16,47,"McLaren",19.2,938
4,50,"Mercedes",19.2,938
18,50,"Manor Marussia",24.1,940
16,49,"Sauber",24.1,940
17,0,"Sauber",15.8,941
6,0,"Force India",15.8,941
1,7,"Mercedes",15.8,941
8,11,"Lotus F1",15.8,941
20,45,"Toro Rosso",15.8,941
10,47,"Red Bull",15.8,941
4,41,"Red Bull",21.8,942
6,35,"Force India",21.8,942
14,25,"Sauber",21.8,942
16,5,"Williams",21.8,942
7,23,"Williams",21.8,942
10,10,"Lotus F1",21.8,942
19,1,"Manor Marussia",21.8,942
18,25,"Ferrari",21.8,942
19,21,"Ferrari",16.3,943
3,50,"Ferrari",16.3,943
18,1,"McLaren",16.3,943
10,0,"Toro Rosso",20.2,944
17,67,"Manor Marussia",20.2,944
18,67,"Manor Marussia",20.2,944
13,0,"Lotus F1",24.3,945
13,9,"Haas F1 Team",25.3,949
14,6,"McLaren",25.3,949
3,0,"Ferrari",25.3,949
19,0,"Renault",25.3,949
11,29,"Toro Rosso",25.3,949
9,33,"Toro Rosso",16,951
7,0,"Ferrari",16,951
13,0,"Force India",16,951
21,0,"Manor Marussia",16,951
6,6,"Toro Rosso",23.5,955
18,31,"Toro Rosso",23.5,955
17,39,"Manor Marussia",23.5,955
13,42,"McLaren",23.5,955
16,49,"Manor Marussia",23.5,955
20,50,"Sauber",23.5,955
14,50,"Haas F1 Team",23.5,955
21,50,"Renault",23.5,955
11,50,"Haas F1 Team",23.5,955
15,50,"Sauber",23.5,955
22,50,"Renault",23.5,955
9,26,"Ferrari",20.8,956
0,63,"Williams",20.8,956
2,64,"Force India",20.8,956
14,64,"McLaren",20.8,956
0,2,"Toro Rosso",20.8,956
22,11,"Sauber",18.7,957
13,17,"Haas F1 Team",18.7,957
19,24,"Manor Marussia",18.7,957
18,37,"Renault",18.7,957
16,49,"Renault",18.7,957
20,6,"Manor Marussia",18.7,957
8,60,"McLaren",21.5,958
20,68,"Manor Marussia",21.5,958
22,68,"Sauber",21.5,958
21,68,"Manor Marussia",21.5,958
18,68,"Williams",21.5,958
18,6,"Sauber",19.2,961
16,36,"Toro Rosso",19.2,961
13,26,"Manor Marussia",19.2,961
20,7,"Renault",19.2,961
5,0,"Ferrari",27.1,963
12,7,"Haas F1 Team",27.1,963
14,17,"Renault",27.1,963
13,39,"Haas F1 Team",27.1,963
1,40,"Mercedes",27.1,963
18,46,"Sauber",27.1,963
14,16,"Haas F1 Team",21.8,965
4,28,"Red Bull",21.8,965
5,38,"Ferrari",21.8,965
7,1,"Force India",21.8,965
16,0,"Manor Marussia",17.1,966
7,0,"Haas F1 Team",20.2,967
12,60,"Haas F1 Team",20.2,967
16,20,"Renault",20.2,967
3,19,"Ferrari",20.2,967
20,11,"Sauber",20.2,967
13,46,"Williams",20.2,967
18,5,"Renault",24.3,968
11,6,"Williams",24.3,968
12,12,"McLaren",24.3,968
17,14,"Toro Rosso",24.3,968
21,41,"Toro Rosso",24.3,968
18,3,"Sauber",15.1,970
15,17,"McLaren",15.1,970
9,18,"Toro Rosso",15.1,970
13,33,"McLaren",15.1,970
10,0,"Williams",15.1,970
20,8,"Haas F1 Team",25.3,971
6,11,"Red Bull",25.3,971
12,12,"Williams",25.3,971
16,12,"Toro Rosso",25.3,971
19,50,"Sauber",25.3,971
17,0,"McLaren",25.3,971
17,50,"Sauber",12.1,972
15,0,"McLaren",12.1,972
16,0,"Renault",12.1,972
19,0,"Haas F1 Team",12.1,972
5,5,"Red Bull",12.1,972
16,50,"Haas F1 Team",23.5,976
3,46,"Ferrari",23.5,976
6,39,"Force India",23.5,976
11,9,"Toro Rosso",23.5,976
13,24,"Renault",23.5,976
5,12,"Red Bull",23.5,976
20,7,"Renault",23.5,976
9,25,"Williams",23.5,976
5,0,"Red Bull",20.8,977
10,44,"Toro Rosso",20.8,977
15,29,"Haas F1 Team",20.8,977
12,1,"McLaren",20.8,977
14,68,"Toro Rosso",20.8,977
11,0,"Renault",18.7,978
13,0,"Toro Rosso",18.7,978
20,32,"McLaren",18.7,978
17,50,"Sauber",18.7,978
15,50,"Williams",18.7,978
12,50,"Toro Rosso",18.7,978
18,50,"Sauber",18.7,978
16,50,"Haas F1 Team",18.7,978
8,50,"McLaren",18.7,978
10,50,"Haas F1 Team",18.7,978
6,50,"Force India",18.7,978
14,50,"Williams",18.7,978
7,50,"Force India",18.7,978
6,0,"Red Bull",21.5,979
14,20,"Haas F1 Team",21.5,979
19,60,"Williams",21.5,979
12,67,"Renault",21.5,979
20,68,"Sauber",21.5,979
18,68,"Sauber",21.5,979
17,29,"Renault",19.2,981
18,33,"McLaren",19.2,981
11,49,"Sauber",19.2,981
19,50,"McLaren",19.2,981
0,0,"Ferrari",27.1,983
14,29,"Toro Rosso",27.1,983
2,4,"Ferrari",17.8,984
16,7,"Sauber",17.8,984
11,40,"Renault",17.8,984
15,45,"Williams",17.8,984
19,0,"Toro Rosso",17.8,984
14,5,"Sauber",21.8,985
4,14,"Red Bull",21.8,985
8,24,"McLaren",21.8,985
18,3,"Renault",21.8,985
7,24,"Renault",17.1,986
17,30,"Toro Rosso",17.1,986
8,59,"Renault",17.1,986
16,5,"Red Bull",17.1,986
10,0,"Force India",20.2,987
12,0,"McLaren",20.2,987
13,0,"Haas F1 Team",20.2,987
18,40,"Toro Rosso",20.2,987
4,20,"Red Bull",24.3,988
12,31,"Renault",24.3,988
15,3,"Red Bull",25.3,990
2,35,"Ferrari",25.3,990
4,1,"Red Bull",25.3,990
3,48,"Mercedes",12.9,992
20,42,"Haas F1 Team",12.9,992
5,39,"Red Bull",12.9,992
11,0,"Williams",12.9,992
14,10,"Renault",12.9,992
7,0,"Force India",12.9,992
4,39,"Red Bull",12.9,992
11,0,"Force India",21.3,996
13,27,"Force India",21.3,996
19,48,"Williams",21.3,996
16,50,"McLaren",21.3,996
14,0,"Toro Rosso",21.3,996
15,65,"McLaren",20.8,997
2,62,"Mercedes",20.8,997
1,13,"Mercedes",20.8,997
10,11,"Renault",20.8,997
9,18,"Sauber",18.7,998
15,31,"Sauber",18.7,998
16,37,"Renault",18.7,998
8,37,"Haas F1 Team",18.7,998
5,46,"Red Bull",18.7,998
0,1,"Toro Rosso",18.7,998
14,68,"Sauber",21.5,1000
20,68,"Williams",21.5,1000
17,0,"Sauber",21.5,1000
16,49,"McLaren",21.5,1000
7,5,"Red Bull",21.5,1000
15,68,"Williams",21.5,1000
13,9,"McLaren",19.2,1002
16,0,"Toro Rosso",19.2,1002
19,23,"Red Bull",19.2,1002
16,37,"Renault",17.8,1005
10,38,"Sauber",17.8,1005
12,8,"Haas F1 Team",17.8,1005
13,1,"McLaren",21.8,1006
8,2,"Haas F1 Team",21.8,1006
4,8,"Red Bull",21.8,1006
9,31,"Sauber",21.8,1006
1,61,"Red Bull",17.1,1007
13,38,"Force India",17.1,1007
8,28,"Renault",17.1,1007
18,68,"Haas F1 Team",17.1,1007
12,3,"McLaren",17.1,1007
6,20,"Sauber",20.2,1008
13,32,"Renault",20.2,1008
4,6,"Ferrari",24.3,1009
12,24,"Sauber",24.3,1009
9,44,"Force India",24.3,1009
17,46,"Toro Rosso",24.3,1009
10,0,"Renault",24.3,1009
11,16,"Haas F1 Team",21.2,1011
8,16,"Renault",15.1,1012
15,50,"McLaren",15.1,1012
11,41,"Toro Rosso",15.1,1012
12,50,"Haas F1 Team",12.9,1013
15,50,"Renault",12.9,1013
16,49,"Williams",12.9,1013
0,49,"Williams",12.9,1013
10,31,"Renault",12.9,1013
14,38,"Haas F1 Team",12.9,1013
6,33,"Toro Rosso",12.9,1013
17,50,"Alfa Romeo",12.9,1013
0,38,"Red Bull",12.9,1013
11,50,"Toro Rosso",12.9,1013
0,50,"Alfa Romeo",12.9,1013
16,44,"Haas F1 Team",21.3,1017
17,68,"Williams",18.7,1018
14,9,"Haas F1 Team",18.7,1019
11,18,"Alfa Romeo",18.7,1019
16,6,"Haas F1 Team",18.7,1019
19,67,"Williams",21.2,1021
17,68,"Alfa Romeo",21.2,1021
18,68,"Racing Point",21.2,1021
15,68,"Williams",21.2,1021
13,68,"Toro Rosso",21.2,1021
9,49,"Haas F1 Team",21.2,1021
9,43,"Haas F1 Team",14.9,1022
10,43,"Renault",14.9,1022
14,43,"Williams",14.9,1022
8,43,"Haas F1 Team",14.9,1022
0,43,"Williams",14.9,1022
18,42,"Alfa Romeo",14.9,1022
15,1,"McLaren",14.9,1022
6,43,"Alfa Romeo",14.9,1022
11,43,"McLaren",14.9,1022
5,0,"Red Bull",14.9,1022
13,44,"Toro Rosso",14.9,1022
1,44,"Ferrari",14.9,1022
3,44,"Mercedes",14.9,1022
4,44,"Mercedes",14.9,1022
2,44,"Ferrari",14.9,1022
16,44,"Racing Point",14.9,1022
7,44,"Racing Point",14.9,1022
19,44,"Toro Rosso",14.9,1022
12,44,"Renault",14.9,1022
17,44,"Red Bull",14.9,1022
12,29,"Toro Rosso",19.2,1023
11,43,"Haas F1 Team",19.2,1023
7,27,"McLaren",19.2,1023
5,14,"Red Bull",17.8,1026
0,50,"Williams",17.8,1026
18,50,"Williams",17.8,1026
14,58,"Alfa Romeo",17.1,1027
8,48,"McLaren",17.1,1027
2,7,"Ferrari",16.1,1028
19,31,"Williams",16.1,1028
17,65,"Racing Point",20.2,1029
14,65,"Ferrari",20.2,1029
2,65,"Ferrari",20.2,1029
12,45,"Racing Point",20.6,1030
4,67,"Red Bull",20.8,1031
2,11,"Red Bull",20.8,1031
10,17,"Renault",20.8,1031
9,20,"Racing Point",20.8,1031
16,24,"Haas F1 Team",20.8,1031
15,49,"Haas F1 Team",20.8,1031
17,49,"Williams",20.8,1031
10,1,"Ferrari",20.8,1032
5,25,"Renault",20.8,1032
14,4,"Ferrari",20.8,1032
10,15,"AlphaTauri",21.5,1033
15,65,"Williams",21.5,1033
13,0,"Racing Point",18.5,1034
19,11,"AlphaTauri",18.5,1034
14,1,"Haas F1 Team",18.5,1034
17,43,"Haas F1 Team",18.5,1035
12,65,"AlphaTauri",26.1,1036
17,64,"Haas F1 Team",26.1,1036
19,64,"Williams",26.1,1036
18,65,"Williams",26.1,1036
20,65,"Alfa Romeo",26.1,1036
16,65,"Haas F1 Team",26.1,1036
14,65,"Alfa Romeo",26.1,1036
15,65,"Renault",26.1,1036
13,65,"Renault",26.1,1036
9,38,"Ferrari",26.1,1036
10,65,"AlphaTauri",26.1,1036
1,66,"Mercedes",26.1,1036
3,66,"Red Bull",26.1,1036
2,66,"Mercedes",26.1,1036
5,65,"Racing Point",26.1,1036
8,65,"McLaren",26.1,1036
7,65,"McLaren",26.1,1036
11,65,"Ferrari",26.1,1036
6,65,"Red Bull",26.1,1036
4,65,"Racing Point",26.1,1036
13,23,"Ferrari",19.2,1038
15,17,"Haas F1 Team",19.2,1038
17,6,"Ferrari",19.2,1038
5,30,"Red Bull",19.2,1038
15,59,"Haas F1 Team",19.2,1039
16,0,"AlphaTauri",19.2,1039
3,0,"Red Bull",19.2,1039
9,5,"McLaren",19.2,1039
17,5,"Alfa Romeo",19.2,1039
20,5,"Haas F1 Team",19.2,1039
19,6,"Williams",19.2,1039
10,7,"Renault",19.2,1039
6,42,"Racing Point",19.2,1039
18,59,"Williams",19.2,1039
14,59,"Ferrari",19.2,1039
13,59,"Alfa Romeo",19.2,1039
2,59,"Mercedes",19.2,1039
4,59,"Red Bull",19.2,1039
8,59,"Renault",19.2,1039
1,59,"Mercedes",19.2,1039
11,59,"McLaren",19.2,1039
12,59,"AlphaTauri",19.2,1039
5,59,"Ferrari",19.2,1039
7,59,"Racing Point",19.2,1039
19,60,"Alfa Romeo",10.4,1041
1,18,"Mercedes",10.4,1041
7,22,"Renault",10.4,1041
5,23,"Red Bull",10.4,1041
8,42,"McLaren",10.4,1041
13,60,"AlphaTauri",10.4,1041
18,60,"Williams",10.4,1041
15,60,"Haas F1 Team",10.4,1041
11,60,"Ferrari",10.4,1041
17,12,"Williams",10.4,1041
16,60,"Haas F1 Team",10.4,1041
2,60,"Mercedes",10.4,1041
3,60,"Red Bull",10.4,1041
6,60,"Renault",10.4,1041
9,60,"Racing Point",10.4,1041
14,60,"Alfa Romeo",10.4,1041
12,60,"AlphaTauri",10.4,1041
4,60,"Ferrari",10.4,1041
20,60,"Racing Point",10.4,1041
10,60,"McLaren",10.4,1041
16,65,"Alfa Romeo",18.8,1042
13,64,"AlphaTauri",18.8,1042
20,64,"Williams",18.8,1042
18,65,"Haas F1 Team",18.8,1042
19,65,"Haas F1 Team",18.8,1042
17,65,"Alfa Romeo",18.8,1042
14,65,"Williams",18.8,1042
8,65,"McLaren",18.8,1042
6,65,"Red Bull",18.8,1042
15,65,"Ferrari",18.8,1042
11,65,"Renault",18.8,1042
5,65,"Racing Point",18.8,1042
7,65,"McLaren",18.8,1042
9,65,"AlphaTauri",18.8,1042
4,66,"Ferrari",18.8,1042
3,66,"Red Bull",18.8,1042
2,66,"Mercedes",18.8,1042
1,66,"Mercedes",18.8,1042
10,65,"Renault",18.8,1042
15,63,"Racing Point",7.2,1043
16,63,"Haas F1 Team",7.2,1043
4,8,"AlphaTauri",7.2,1043
14,63,"Ferrari",7.2,1043
3,50,"Red Bull",7.2,1043
17,47,"Haas F1 Team",7.2,1043
12,27,"Renault",7.2,1043
19,63,"Williams",7.2,1043
6,63,"Red Bull",7.2,1043
18,63,"Alfa Romeo",7.2,1043
2,63,"Mercedes",7.2,1043
1,63,"Mercedes",7.2,1043
5,63,"Renault",7.2,1043
8,63,"AlphaTauri",7.2,1043
20,63,"Alfa Romeo",7.2,1043
11,63,"Racing Point",7.2,1043
10,63,"McLaren",7.2,1043
9,63,"McLaren",7.2,1043
7,63,"Ferrari",7.2,1043
0,39,"Williams",11.5,1044
17,49,"Haas F1 Team",11.5,1044
10,11,"Alfa Romeo",11.5,1044
1,58,"Racing Point",11.5,1044
6,58,"Mercedes",11.5,1044
3,58,"Racing Point",11.5,1044
11,58,"Ferrari",11.5,1044
12,58,"Ferrari",11.5,1044
5,58,"Renault",11.5,1044
2,58,"Red Bull",11.5,1044
4,58,"Red Bull",11.5,1044
14,58,"McLaren",11.5,1044
15,58,"McLaren",11.5,1044
13,2,"Racing Point",24.5,1045
19,0,"Haas F1 Team",24.5,1045
19,8,"Racing Point",20.6,1047
6,48,"Mercedes",,1051
17,50,"Williams",,1051
19,0,"Haas F1 Team",21.2,1052
9,32,"Alpine F1 Team",21.2,1052
3,63,"Red Bull",12.2,1053
1,63,"Mercedes",12.2,1053
7,63,"McLaren",12.2,1053
14,0,"Williams",12.2,1053
12,30,"Williams",12.2,1053
8,30,"Mercedes",12.2,1053
19,61,"Haas F1 Team",12.2,1053
18,61,"Haas F1 Team",12.2,1053
0,61,"Aston Martin",12.2,1053
17,62,"Alfa Romeo",12.2,1053
16,63,"Alfa Romeo",12.2,1053
4,63,"Ferrari",12.2,1053
20,63,"AlphaTauri",12.2,1053
2,63,"Red Bull",12.2,1053
15,63,"Alpine F1 Team",12.2,1053
9,63,"Alpine F1 Team",12.2,1053
10,63,"Aston Martin",12.2,1053
5,63,"AlphaTauri",12.2,1053
6,63,"McLaren",12.2,1053
11,63,"Ferrari",12.2,1053
19,29,"Aston Martin",23.5,1057
12,3,"Alpine F1 Team",23.5,1057
15,48,"Williams",23.5,1057
3,45,"Red Bull",23.5,1057
6,1,"AlphaTauri",18.7,1058
10,36,"Williams",18.7,1058
20,68,"Haas F1 Team",18.7,1058
16,68,"Williams",18.7,1058
17,0,"Alpine F1 Team",20.8,1060
8,40,"Aston Martin",18.7,1061
1,0,"Red Bull",18.7,1061
19,3,"Haas F1 Team",21.2,1062
6,2,"McLaren",21.2,1062
2,0,"Mercedes",21.2,1062
4,0,"Red Bull",21.2,1062
7,0,"Ferrari",21.2,1062
12,0,"Aston Martin",21.2,1062
1,72,"Red Bull",14.7,1064
2,72,"Mercedes",14.7,1064
3,72,"Mercedes",14.7,1064
14,48,"AlphaTauri",14.7,1064
18,41,"Haas F1 Team",14.7,1064
0,3,"AlphaTauri",19.2,1065
16,41,"Haas F1 Team",19.2,1065
4,25,"Mercedes",19.2,1065
1,25,"Red Bull",19.2,1065
0,0,"AlphaTauri",19.2,1065
2,58,"Red Bull",15.6,1067
6,58,"Red Bull",15.6,1067
3,58,"Ferrari",15.6,1067
11,58,"Mercedes",15.6,1067
4,58,"AlphaTauri",15.6,1067
7,58,"McLaren",15.6,1067
19,58,"Ferrari",15.6,1067
8,58,"Aston Martin",15.6,1067
1,58,"Mercedes",15.6,1067
8,14,"AlphaTauri",21.8,1069
19,49,"Alpine F1 Team",21.8,1069
11,40,"Alpine F1 Team",21.8,1069
15,68,"Haas F1 Team",16.3,1070
14,0,"Haas F1 Team",16.3,1070
17,0,"AlphaTauri",16.3,1070
14,47,"Aston Martin",20.2,1071
11,49,"McLaren",20.2,1071
18,50,"Aston Martin",13,1072
20,14,"Haas F1 Team",13,1072
5,14,"Red Bull",13,1072
17,44,"Aston Martin",13,1072
12,49,"Alfa Romeo",13,1072
8,49,"AlphaTauri",13,1072
13,49,"Alpine F1 Team",13,1072
16,50,"Williams",13,1072
7,50,"McLaren",13,1072
1,50,"Mercedes",13,1072
15,50,"Ferrari",13,1072
4,50,"Ferrari",13,1072
6,50,"AlphaTauri",13,1072
11,50,"McLaren",13,1072
9,50,"Alpine F1 Team",13,1072
2,50,"Mercedes",13,1072
3,50,"Red Bull",13,1072
14,14,"Williams",13,1072
10,50,"Alfa Romeo",13,1072
19,8,"Haas F1 Team",13,1072
17,66,"Marussia",20,909
3,0,"Williams",20,909
15,47,"Sauber",20,909
19,65,"Caterham",20,909
21,65,"Marussia",20,909
14,26,"Lotus F1",20,909
8,44,"Toro Rosso",20,909
5,67,"Red Bull",20,909
22,65,"Caterham",20,909
6,67,"Red Bull",20,909
16,66,"Sauber",20,909
1,67,"Mercedes",20,909
20,67,"Mercedes",20,909
18,66,"Lotus F1",20,909
11,67,"McLaren",20,909
4,66,"McLaren",20,909
2,67,"Williams",20,909
7,67,"Ferrari",20,909
12,66,"Ferrari",20,909
13,66,"Toro Rosso",20,909
9,67,"Force India",20,909
10,66,"Force India",20,909
15,66,"Toro Rosso",20,959
10,36,"Williams",20,959
19,65,"Manor Marussia",20,959
14,65,"Renault",20,959
22,65,"Sauber",20,959
17,65,"Manor Marussia",20,959
16,66,"Renault",20,959
18,66,"Toro Rosso",20,959
20,66,"Haas F1 Team",20,959
13,66,"McLaren",20,959
2,67,"Mercedes",20,959
9,66,"Force India",20,959
7,66,"Williams",20,959
12,66,"McLaren",20,959
8,67,"Force India",20,959
5,67,"Ferrari",20,959
6,67,"Ferrari",20,959
1,67,"Mercedes",20,959
4,67,"Red Bull",20,959
3,67,"Red Bull",20,959
11,66,"Haas F1 Team",20,959
19,67,"McLaren",20,999
16,66,"Toro Rosso",20,999
9,66,"Sauber",20,999
11,65,"McLaren",20,999
8,67,"Renault",20,999
20,27,"Red Bull",20,999
5,67,"Haas F1 Team",20,999
14,67,"Mercedes",20,999
13,67,"Sauber",20,999
15,67,"Force India",20,999
10,67,"Force India",20,999
6,67,"Haas F1 Team",20,999
7,67,"Renault",20,999
4,67,"Red Bull",20,999
3,67,"Ferrari",20,999
2,67,"Mercedes",20,999
17,67,"Toro Rosso",20,999
17,4,"Toro Rosso",20,1004
20,4,"Toro Rosso",20,1004
5,64,"Alfa Romeo",20,1020
13,13,"Renault",20,1020
19,25,"McLaren",20,1020
10,27,"Ferrari",20,1020
9,39,"Renault",20,1020
4,61,"Red Bull",20,1020
11,64,"Alfa Romeo",20,1020
17,64,"Williams",20,1020
8,1,"Racing Point",20,1020
1,64,"Mercedes",20,1020
2,64,"Red Bull",20,1020
20,64,"Ferrari",20,1020
14,64,"Toro Rosso",20,1020
15,64,"Racing Point",20,1020
18,64,"Williams",20,1020
16,64,"Toro Rosso",20,1020
6,64,"Haas F1 Team",20,1020
12,64,"Haas F1 Team",20,1020
7,64,"McLaren",20,1020
8,0,"Haas F1 Team",20,1025
3,26,"Ferrari",20,1025
17,27,"Williams",20,1025
18,28,"Williams",20,1025
10,24,"Renault",20,1025
6,0,"McLaren",20,1040
12,0,"Racing Point",20,1040
18,47,"Williams",20,1066
14,32,"Haas F1 Team",20,1066
16,60,"Lotus F1",27,913
2,13,"Mercedes",27,913
14,17,"Sauber",27,913
17,40,"Sauber",27,913
21,59,"Marussia",27,913
19,60,"Marussia",27,913
22,60,"Caterham",27,913
10,60,"Toro Rosso",27,913
18,60,"Lotus F1",27,913
20,0,"Caterham",27,913
9,60,"McLaren",27,913
1,60,"Mercedes",27,913
4,60,"Red Bull",27,913
3,60,"Red Bull",27,913
5,60,"Ferrari",27,913
8,60,"Williams",27,913
12,60,"Toro Rosso",27,913
15,60,"Force India",27,913
7,60,"Ferrari",27,913
13,60,"Force India",27,913
6,60,"Williams",27,913
18,61,"Lotus F1",27,939
9,30,"Williams",27,939
5,32,"Mercedes",27,939
12,33,"McLaren",27,939
19,59,"Manor Marussia",27,939
20,59,"Manor Marussia",27,939
10,59,"Lotus F1",27,939
17,61,"Sauber",27,939
11,12,"Force India",27,939
14,61,"Toro Rosso",27,939
1,61,"Ferrari",27,939
2,61,"Red Bull",27,939
3,61,"Ferrari",27,939
6,61,"Mercedes",27,939
16,61,"Sauber",27,939
4,61,"Red Bull",27,939
13,61,"Force India",27,939
8,61,"Toro Rosso",27,939
7,61,"Williams",27,939
16,60,"Sauber",27,962
8,0,"Force India",27,962
10,35,"Williams",27,962
12,43,"McLaren",27,962
21,59,"Manor Marussia",27,962
14,60,"Sauber",27,962
19,60,"Manor Marussia",27,962
18,60,"Renault",27,962
6,60,"Toro Rosso",27,962
11,60,"Williams",27,962
20,0,"Haas F1 Team",27,962
15,61,"Renault",27,962
1,61,"Mercedes",27,962
2,61,"Red Bull",27,962
3,61,"Mercedes",27,962
5,61,"Ferrari",27,962
13,60,"Haas F1 Team",27,962
4,61,"Red Bull",27,962
9,61,"McLaren",27,962
17,61,"Force India",27,962
7,61,"Toro Rosso",27,962
22,61,"Ferrari",27,962
4,0,"Ferrari",27,982
2,0,"Red Bull",27,982
1,0,"Ferrari",27,982
8,8,"McLaren",27,982
13,10,"Toro Rosso",27,982
20,35,"Sauber",27,982
7,48,"Renault",27,982
16,50,"Haas F1 Team",27,982
17,58,"Williams",27,982
14,58,"Force India",27,982
18,58,"Williams",27,982
9,58,"McLaren",27,982
11,58,"Renault",27,982
12,58,"Force India",27,982
10,58,"Toro Rosso",27,982
6,58,"Mercedes",27,982
3,58,"Red Bull",27,982
5,58,"Mercedes",27,982
15,58,"Haas F1 Team",27,982
15,60,"Toro Rosso",27,1003
20,60,"Williams",27,1003
8,60,"Haas F1 Team",27,1003
7,60,"Force India",27,1003
9,0,"Force India",27,1003
16,59,"Haas F1 Team",27,1003
19,59,"Williams",27,1003
18,60,"McLaren",27,1003
17,60,"Toro Rosso",27,1003
14,60,"Sauber",27,1003
10,60,"Renault",27,1003
13,60,"Sauber",27,1003
2,61,"Red Bull",27,1003
3,61,"Ferrari",27,1003
4,61,"Mercedes",27,1003
1,61,"Mercedes",27,1003
6,61,"Red Bull",27,1003
11,61,"McLaren",27,1003
12,60,"Renault",27,1003
5,61,"Ferrari",27,1003
17,61,"Haas F1 Team",27,1024
15,42,"Racing Point",27,1024
12,49,"Alfa Romeo",27,1024
13,61,"Haas F1 Team",27,1024
19,61,"Williams",27,1024
14,61,"Toro Rosso",27,1024
20,61,"Renault",27,1024
16,61,"Racing Point",27,1024
7,61,"McLaren",27,1024
18,34,"Williams",27,1024
10,61,"Alfa Romeo",27,1024
11,61,"Toro Rosso",27,1024
8,61,"Renault",27,1024
3,61,"Ferrari",27,1024
1,61,"Ferrari",27,1024
4,61,"Red Bull",27,1024
5,61,"Mercedes",27,1024
6,61,"Red Bull",27,1024
9,61,"McLaren",27,1024
2,61,"Mercedes",27,1024
22,77,"Caterham",17.5,905
17,59,"Sauber",17.5,905
8,77,"McLaren",17.5,905
4,5,"Red Bull",17.5,905
20,75,"Caterham",17.5,905
12,77,"McLaren",17.5,905
16,77,"Williams",17.5,905
19,75,"Marussia",17.5,905
14,77,"Lotus F1",17.5,905
18,23,"Sauber",17.5,905
9,10,"Toro Rosso",17.5,905
7,50,"Toro Rosso",17.5,905
11,77,"Force India",17.5,905
15,0,"Lotus F1",17.5,905
10,0,"Force India",17.5,905
21,77,"Marussia",17.5,905
6,77,"Ferrari",17.5,905
12,77,"Williams",17.5,931
19,76,"Manor Marussia",17.5,931
9,62,"Toro Rosso",17.5,931
13,41,"McLaren",17.5,931
8,5,"Lotus F1",17.5,931
18,76,"Manor Marussia",17.5,931
15,76,"Haas F1 Team",17.5,953
11,10,"Ferrari",17.5,953
8,18,"Toro Rosso",17.5,953
16,32,"Renault",17.5,953
0,34,"Red Bull",17.5,953
0,48,"Sauber",17.5,953
19,74,"Manor Marussia",17.5,953
20,76,"Manor Marussia",17.5,953
18,7,"Renault",17.5,953
10,77,"Williams",17.5,953
14,77,"Williams",17.5,953
13,77,"McLaren",17.5,953
6,77,"Toro Rosso",17.5,953
12,77,"Haas F1 Team",17.5,953
12,66,"McLaren",17.5,974
20,57,"McLaren",17.5,974
18,57,"Sauber",17.5,974
10,15,"Renault",17.5,974
19,63,"Sauber",17.5,974
12,77,"McLaren",17.5,994
18,77,"Haas F1 Team",17.5,994
13,77,"Williams",17.5,994
17,76,"Williams",17.5,994
5,77,"Haas F1 Team",17.5,1015
18,76,"Alfa Romeo",17.5,1015
20,77,"Williams",17.5,1015
14,77,"Alfa Romeo",17.5,1015
17,77,"Racing Point",17.5,1015
19,77,"Williams",17.5,1015
11,77,"Renault",17.5,1015
16,77,"Racing Point",17.5,1015
15,16,"Ferrari",17.5,1015
16,77,"AlphaTauri",17.5,1056
18,77,"Williams",17.5,1056
20,75,"Haas F1 Team",17.5,1056
19,75,"Haas F1 Team",17.5,1056
15,77,"Williams",17.5,1056
17,77,"Alpine F1 Team",17.5,1056
12,77,"McLaren",17.5,1056
14,77,"Alfa Romeo",17.5,1056
10,77,"Alfa Romeo",17.5,1056
3,29,"Mercedes",17.5,1056
11,77,"Alpine F1 Team",17.5,1056
13,77,"Aston Martin",17.5,1056
1,0,"Ferrari",17.5,1056
3,78,"Red Bull",17.5,905
2,78,"Mercedes",17.5,905
1,78,"Mercedes",17.5,905
5,78,"Ferrari",17.5,905
16,78,"Williams",17.5,931
17,78,"Sauber",17.5,931
15,78,"Lotus F1",17.5,931
11,78,"Force India",17.5,931
2,78,"Mercedes",17.5,931
14,78,"Sauber",17.5,931
10,78,"McLaren",17.5,931
7,78,"Force India",17.5,931
6,78,"Ferrari",17.5,931
4,78,"Red Bull",17.5,931
5,78,"Red Bull",17.5,931
1,78,"Mercedes",17.5,931
3,78,"Ferrari",17.5,931
0,78,"Toro Rosso",17.5,931
2,78,"Mercedes",17.5,953
5,78,"Force India",17.5,953
9,78,"McLaren",17.5,953
4,78,"Ferrari",17.5,953
7,78,"Force India",17.5,953
1,78,"Red Bull",17.5,953
3,78,"Mercedes",17.5,953
7,78,"Force India",17.5,974
15,78,"Force India",17.5,974
16,78,"Renault",17.5,974
2,78,"Ferrari",17.5,974
14,78,"Williams",17.5,974
8,78,"Haas F1 Team",17.5,974
13,78,"Mercedes",17.5,974
6,78,"Toro Rosso",17.5,974
4,78,"Red Bull",17.5,974
3,78,"Mercedes",17.5,974
5,78,"Red Bull",17.5,974
1,78,"Ferrari",17.5,974
11,78,"Haas F1 Team",17.5,974
19,78,"Haas F1 Team",17.5,994
9,78,"Force India",17.5,994
16,78,"Sauber",17.5,994
1,78,"Red Bull",17.5,994
20,78,"Red Bull",17.5,994
11,78,"Renault",17.5,994
10,78,"Toro Rosso",17.5,994
6,78,"Force India",17.5,994
5,78,"Mercedes",17.5,994
4,78,"Ferrari",17.5,994
3,78,"Mercedes",17.5,994
2,78,"Ferrari",17.5,994
8,78,"Renault",17.5,994
12,78,"McLaren",17.5,1015
6,78,"Renault",17.5,1015
1,78,"Mercedes",17.5,1015
4,78,"Ferrari",17.5,1015
2,78,"Mercedes",17.5,1015
3,78,"Red Bull",17.5,1015
13,78,"Haas F1 Team",17.5,1015
9,78,"McLaren",17.5,1015
7,78,"Toro Rosso",17.5,1015
10,78,"Toro Rosso",17.5,1015
8,78,"Red Bull",17.5,1015
7,78,"Mercedes",17.5,1056
6,78,"AlphaTauri",17.5,1056
8,78,"Aston Martin",17.5,1056
9,78,"Red Bull",17.5,1056
5,78,"McLaren",17.5,1056
2,78,"Red Bull",17.5,1056
4,78,"Ferrari",17.5,1056
11,65,"Force India",19.3,904
16,65,"Sauber",19.3,904
15,66,"Red Bull",19.3,904
10,65,"Force India",19.3,904
13,65,"Sauber",19.3,904
3,66,"Red Bull",19.3,904
7,66,"Ferrari",19.3,904
22,65,"Lotus F1",19.3,904
4,66,"Williams",19.3,904
20,34,"Caterham",19.3,904
19,64,"Caterham",19.3,904
2,66,"Mercedes",19.3,904
6,65,"Ferrari",19.3,904
9,65,"Williams",19.3,904
1,66,"Mercedes",19.3,904
5,65,"Lotus F1",19.3,904
8,65,"McLaren",19.3,904
17,64,"Marussia",19.3,904
18,64,"Marussia",19.3,904
12,65,"Toro Rosso",19.3,904
21,24,"Toro Rosso",19.3,904
14,65,"McLaren",19.3,904
13,26,"McLaren",19.3,930
6,65,"Toro Rosso",19.3,930
20,62,"Manor Marussia",19.3,930
19,63,"Manor Marussia",19.3,930
14,65,"McLaren",19.3,930
17,65,"Force India",19.3,930
16,65,"Sauber",19.3,930
18,65,"Force India",19.3,930
15,65,"Sauber",19.3,930
12,45,"Lotus F1",19.3,930
8,65,"Red Bull",19.3,930
11,65,"Lotus F1",19.3,930
10,65,"Red Bull",19.3,930
9,66,"Williams",19.3,930
7,66,"Ferrari",19.3,930
4,66,"Williams",19.3,930
3,66,"Ferrari",19.3,930
2,66,"Mercedes",19.3,930
1,66,"Mercedes",19.3,930
5,65,"Toro Rosso",19.3,930
15,65,"Renault",19.3,952
20,65,"Sauber",19.3,952
21,65,"Manor Marussia",19.3,952
22,65,"Manor Marussia",19.3,952
2,0,"Mercedes",19.3,952
10,45,"McLaren",19.3,952
11,20,"Force India",19.3,952
1,0,"Mercedes",19.3,952
17,65,"Renault",19.3,952
19,65,"Sauber",19.3,952
4,66,"Red Bull",19.3,952
13,65,"Toro Rosso",19.3,952
5,66,"Ferrari",19.3,952
6,66,"Ferrari",19.3,952
3,66,"Red Bull",19.3,952
7,66,"Williams",19.3,952
16,65,"Haas F1 Team",19.3,952
9,66,"Force India",19.3,952
18,66,"Williams",19.3,952
12,65,"McLaren",19.3,952
8,66,"Toro Rosso",19.3,952
11,64,"Haas F1 Team",19.3,973
17,64,"Renault",19.3,973
18,64,"Williams",19.3,973
3,38,"Mercedes",19.3,973
16,64,"Sauber",19.3,973
5,1,"Red Bull",19.3,973
4,0,"Ferrari",19.3,973
9,64,"Williams",19.3,973
20,32,"McLaren",19.3,973
7,64,"McLaren",19.3,973
15,65,"Sauber",19.3,973
14,65,"Haas F1 Team",19.3,973
19,65,"Toro Rosso",19.3,973
12,65,"Toro Rosso",19.3,973
13,65,"Renault",19.3,973
10,65,"Force India",19.3,973
8,65,"Force India",19.3,973
6,66,"Red Bull",19.3,973
2,66,"Ferrari",19.3,973
1,66,"Mercedes",19.3,973
17,64,"Sauber",19.3,993
16,0,"Renault",19.3,993
12,0,"Toro Rosso",19.3,993
10,0,"Haas F1 Team",19.3,993
4,25,"Ferrari",19.3,993
13,38,"Force India",19.3,993
11,45,"McLaren",19.3,993
19,63,"Williams",19.3,993
20,64,"Toro Rosso",19.3,993
18,64,"Williams",19.3,993
1,66,"Mercedes",19.3,993
15,64,"Force India",19.3,993
8,65,"McLaren",19.3,993
9,65,"Renault",19.3,993
7,65,"Haas F1 Team",19.3,993
6,66,"Red Bull",19.3,993
3,66,"Ferrari",19.3,993
5,66,"Red Bull",19.3,993
2,66,"Mercedes",19.3,993
14,64,"Sauber",19.3,993
13,66,"Renault",19.3,1014
16,44,"Racing Point",19.3,1014
17,65,"Williams",19.3,1014
19,65,"Williams",19.3,1014
18,66,"Alfa Romeo",19.3,1014
15,66,"Racing Point",19.3,1014
14,66,"Alfa Romeo",19.3,1014
0,66,"Renault",19.3,1014
11,66,"Toro Rosso",19.3,1014
10,44,"McLaren",19.3,1014
9,66,"Toro Rosso",19.3,1014
2,66,"Mercedes",19.3,1014
1,66,"Mercedes",19.3,1014
4,66,"Red Bull",19.3,1014
3,66,"Ferrari",19.3,1014
7,66,"Haas F1 Team",19.3,1014
6,66,"Red Bull",19.3,1014
8,66,"Haas F1 Team",19.3,1014
12,66,"McLaren",19.3,1014
5,66,"Ferrari",19.3,1014
14,87,"Alfa Romeo",19.3,1046
18,87,"Alfa Romeo",19.3,1046
15,87,"Haas F1 Team",19.3,1046
4,0,"Ferrari",19.3,1046
3,0,"Red Bull",19.3,1046
20,87,"Haas F1 Team",19.3,1046
13,87,"Ferrari",19.3,1046
17,87,"Williams",19.3,1046
9,87,"AlphaTauri",19.3,1046
7,87,"Renault",19.3,1046
2,87,"Mercedes",19.3,1046
1,87,"Mercedes",19.3,1046
6,87,"AlphaTauri",19.3,1046
12,87,"Red Bull",19.3,1046
8,87,"McLaren",19.3,1046
10,87,"Racing Point",19.3,1046
11,87,"Renault",19.3,1046
5,87,"Racing Point",19.3,1046
19,87,"McLaren",19.3,1046
3,66,"Mercedes",19.3,1055
4,66,"Ferrari",19.3,1055
16,6,"AlphaTauri",19.3,1055
8,66,"Red Bull",19.3,1055
7,66,"McLaren",19.3,1055
6,66,"Ferrari",19.3,1055
9,65,"McLaren",19.3,1055
5,65,"Alpine F1 Team",19.3,1055
12,65,"AlphaTauri",19.3,1055
2,66,"Red Bull",19.3,1055
17,65,"Alfa Romeo",19.3,1055
13,65,"Aston Martin",19.3,1055
15,65,"Williams",19.3,1055
14,65,"Alfa Romeo",19.3,1055
19,65,"Williams",19.3,1055
10,65,"Alpine F1 Team",19.3,1055
18,64,"Haas F1 Team",19.3,1055
20,64,"Haas F1 Team",19.3,1055
1,66,"Mercedes",19.3,1055
11,65,"Aston Martin",19.3,1055
21,1,"Caterham",18,911
17,1,"Lotus F1",18,911
15,33,"Lotus F1",18,911
2,38,"Mercedes",18,911
16,39,"Marussia",18,911
22,43,"Caterham",18,911
19,43,"Marussia",18,911
19,42,"McLaren",18,937
11,0,"Force India",18,937
17,42,"Manor Marussia",18,937
8,42,"Ferrari",18,937
10,32,"Toro Rosso",18,937
5,19,"Red Bull",18,937
7,2,"Lotus F1",18,937
15,42,"Manor Marussia",18,937
14,43,"Sauber",18,937
20,42,"McLaren",18,937
3,43,"Williams",18,937
1,43,"Mercedes",18,937
2,43,"Mercedes",18,937
9,43,"Lotus F1",18,937
12,43,"Red Bull",18,937
13,43,"Sauber",18,937
6,43,"Williams",18,937
16,43,"Ferrari",18,937
18,43,"Toro Rosso",18,937
4,43,"Force India",18,937
17,43,"Manor Marussia",18,960
16,43,"Sauber",18,960
20,3,"Sauber",18,960
14,1,"Toro Rosso",18,960
9,1,"McLaren",18,960
15,0,"Manor Marussia",18,960
12,5,"Renault",18,960
5,7,"Red Bull",18,980
18,2,"Sauber",18,980
10,25,"McLaren",18,980
8,42,"Force India",18,980
16,43,"Williams",18,1001
15,0,"McLaren",18,1001
12,0,"Sauber",18,1001
6,8,"Ferrari",18,1001
8,28,"Red Bull",18,1001
18,43,"McLaren",18,1001
11,43,"Toro Rosso",18,1001
17,43,"Williams",18,1001
20,0,"Renault",18,1001
14,43,"Renault",18,1001
13,43,"Sauber",18,1001
15,9,"Williams",18,1037
18,9,"Alfa Romeo",18,1037
7,0,"McLaren",18,1037
3,66,"Red Bull",18,1054
2,66,"Mercedes",18,1054
1,66,"Mercedes",18,1054
15,1,"Alfa Romeo",18,1054
18,64,"Williams",18,1054
19,64,"Haas F1 Team",18,1054
11,65,"Williams",18,1054
14,65,"AlphaTauri",18,1054
17,65,"Aston Martin",18,1054
10,65,"Aston Martin",18,1054
12,65,"Alfa Romeo",18,1054
5,66,"Ferrari",18,1054
9,66,"AlphaTauri",18,1054
16,66,"McLaren",18,1054
13,66,"Alpine F1 Team",18,1054
6,66,"Alpine F1 Team",18,1054
8,66,"Ferrari",18,1054
7,66,"McLaren",18,1054
4,66,"Red Bull",18,1054
20,64,"Haas F1 Team",18,1054
1,1,"Red Bull",18,1063
19,1,"Aston Martin",18,1063
3,1,"Mercedes",18,1063
4,1,"McLaren",18,1063
5,1,"Aston Martin",18,1063
6,1,"AlphaTauri",18,1063
8,1,"Alpine F1 Team",18,1063
9,1,"Ferrari",18,1063
10,1,"Williams",18,1063
11,1,"Ferrari",18,1063
12,1,"Alpine F1 Team",18,1063
13,1,"Mercedes",18,1063
14,1,"Alfa Romeo",18,1063
15,1,"McLaren",18,1063
16,1,"AlphaTauri",18,1063
17,1,"Haas F1 Team",18,1063
18,1,"Haas F1 Team",18,1063
0,1,"Alfa Romeo",18,1063
2,1,"Williams",18,1063
0,1,"Red Bull",18,1063
9,44,"Williams",18,911
20,44,"Sauber",18,911
14,44,"Sauber",18,911
7,44,"McLaren",18,911
4,44,"Ferrari",18,911
18,44,"Force India",18,911
11,44,"Toro Rosso",18,911
13,44,"Force India",18,911
10,44,"McLaren",18,911
3,44,"Red Bull",18,911
8,44,"Ferrari",18,911
6,44,"Williams",18,911
1,44,"Mercedes",18,911
5,44,"Red Bull",18,911
12,44,"Toro Rosso",18,911
19,44,"Toro Rosso",18,960
13,44,"Renault",18,960
11,44,"Haas F1 Team",18,960
18,44,"Haas F1 Team",18,960
2,44,"Red Bull",18,960
10,44,"Williams",18,960
3,44,"Ferrari",18,960
8,44,"Williams",18,960
22,44,"McLaren",18,960
4,44,"Ferrari",18,960
6,44,"Force India",18,960
7,44,"Force India",18,960
21,44,"Mercedes",18,960
5,44,"Red Bull",18,960
1,44,"Mercedes",18,960
14,44,"Renault",18,980
20,44,"McLaren",18,980
12,44,"Haas F1 Team",18,980
17,44,"Sauber",18,980
19,44,"Toro Rosso",18,980
15,44,"Williams",18,980
6,44,"Red Bull",18,980
9,44,"Force India",18,980
13,44,"Toro Rosso",18,980
2,44,"Ferrari",18,980
4,44,"Ferrari",18,980
1,44,"Mercedes",18,980
7,44,"Renault",18,980
11,44,"Haas F1 Team",18,980
3,44,"Mercedes",18,980
16,44,"Williams",18,980
10,44,"Toro Rosso",18,1001
9,44,"Haas F1 Team",18,1001
5,44,"Haas F1 Team",18,1001
3,44,"Force India",18,1001
4,44,"Force India",18,1001
19,44,"Mercedes",18,1001
7,44,"Red Bull",18,1001
1,44,"Mercedes",18,1001
2,44,"Ferrari",18,1001
11,44,"AlphaTauri",18,1037
20,44,"Haas F1 Team",18,1037
19,44,"Williams",18,1037
17,44,"Haas F1 Team",18,1037
13,44,"Ferrari",18,1037
14,44,"Ferrari",18,1037
16,44,"Alfa Romeo",18,1037
8,44,"Racing Point",18,1037
12,44,"AlphaTauri",18,1037
10,44,"McLaren",18,1037
5,44,"Red Bull",18,1037
6,44,"Renault",18,1037
4,44,"Renault",18,1037
3,44,"Red Bull",18,1037
2,44,"Mercedes",18,1037
1,44,"Mercedes",18,1037
9,44,"Racing Point",18,1037
3,57,"Mercedes",18.6,900
14,0,"Caterham",18.6,900
19,27,"Caterham",18.6,900
15,57,"Williams",18.6,900
9,0,"Williams",18.6,900
5,57,"Ferrari",18.6,900
11,57,"Ferrari",18.6,900
21,29,"Lotus F1",18.6,900
22,43,"Lotus F1",18.6,900
6,57,"Toro Rosso",18.6,900
8,57,"Toro Rosso",18.6,900
7,57,"Force India",18.6,900
16,57,"Force India",18.6,900
18,49,"Marussia",18.6,900
12,3,"Red Bull",18.6,900
2,57,"Red Bull",18.6,900
10,57,"McLaren",18.6,900
4,57,"McLaren",18.6,900
1,2,"Mercedes",18.6,900
21,23,"Caterham",18.6,906
17,21,"Lotus F1",18.6,906
22,64,"Sauber",18.6,906
19,0,"Marussia",18.6,906
18,0,"Marussia",18.6,906
16,69,"Sauber",18.6,906
14,59,"Lotus F1",18.6,906
20,7,"Caterham",18.6,906
2,46,"Mercedes",18.6,906
13,69,"Force India",18.6,906
15,47,"Toro Rosso",18.6,906
5,69,"Williams",18.6,906
5,40,"Ferrari",18.6,926
11,32,"Toro Rosso",18.6,926
8,0,"Lotus F1",18.6,926
12,0,"Red Bull",18.6,926
17,0,"McLaren",18.6,926
0,0,"Williams",18.6,926
9,0,"Lotus F1",18.6,926
14,57,"Force India",18.6,926
2,58,"Mercedes",18.6,926
15,57,"Sauber",18.6,926
13,57,"Force India",18.6,926
6,57,"Red Bull",18.6,926
10,58,"Sauber",18.6,926
3,58,"Williams",18.6,926
4,58,"Ferrari",18.6,926
7,57,"Toro Rosso",18.6,926
1,58,"Mercedes",18.6,926
12,69,"Sauber",18.6,932
19,69,"Toro Rosso",18.6,932
14,68,"Sauber",18.6,932
17,66,"Manor Marussia",18.6,932
5,69,"Lotus F1",18.6,932
20,54,"McLaren",18.6,932
13,44,"McLaren",18.6,932
9,69,"Red Bull",18.6,932
16,57,"Manor Marussia",18.6,932
11,69,"Toro Rosso",18.6,932
8,69,"Red Bull",18.6,932
7,69,"Force India",18.6,932
10,69,"Force India",18.6,932
18,0,"Red Bull",18.6,948
9,57,"Force India",18.6,948
20,16,"Haas F1 Team",18.6,948
22,17,"Manor Marussia",18.6,948
4,21,"Ferrari",18.6,948
15,38,"Sauber",18.6,948
11,16,"McLaren",18.6,948
14,57,"Renault",18.6,948
5,57,"Toro Rosso",18.6,948
7,57,"Toro Rosso",18.6,948
16,57,"Williams",18.6,948
10,57,"Force India",18.6,948
19,57,"Haas F1 Team",18.6,948
6,57,"Williams",18.6,948
8,57,"Red Bull",18.6,948
3,57,"Ferrari",18.6,948
1,57,"Mercedes",18.6,948
2,57,"Mercedes",18.6,948
13,57,"Renault",18.6,948
14,68,"Haas F1 Team",18.6,954
21,68,"Sauber",18.6,954
22,68,"Renault",18.6,954
17,68,"Manor Marussia",18.6,954
13,68,"Haas F1 Team",18.6,954
19,68,"Manor Marussia",18.6,954
8,35,"Williams",18.6,954
16,16,"Renault",18.6,954
12,9,"McLaren",18.6,954
18,68,"Sauber",18.6,954
15,69,"Toro Rosso",18.6,954
11,69,"Force India",18.6,954
10,69,"McLaren",18.6,954
9,69,"Force India",18.6,954
20,69,"Toro Rosso",18.6,954
12,50,"McLaren",18.6,969
17,46,"Haas F1 Team",18.6,969
0,25,"Red Bull",18.6,969
14,21,"Sauber",18.6,969
6,13,"Haas F1 Team",18.6,969
20,40,"Williams",18.6,969
19,15,"Renault",18.6,969
1,57,"Mercedes",18.6,969
3,57,"Mercedes",18.6,969
4,57,"Ferrari",18.6,969
2,57,"Ferrari",18.6,969
7,57,"Williams",18.6,969
5,57,"Red Bull",18.6,969
19,69,"Sauber",18.6,975
16,69,"McLaren",18.6,975
20,68,"Sauber",18.6,975
12,66,"McLaren",18.6,975
18,69,"Haas F1 Team",18.6,975
5,10,"Red Bull",18.6,975
7,0,"Williams",18.6,975
13,0,"Toro Rosso",18.6,975
11,54,"Toro Rosso",18.6,975
15,69,"Renault",18.6,975
17,69,"Williams",18.6,975
14,69,"Haas F1 Team",18.6,975
14,58,"Force India",18.6,989
17,5,"Sauber",18.6,989
20,13,"Toro Rosso",18.6,989
5,22,"Haas F1 Team",18.6,989
6,24,"Haas F1 Team",18.6,989
16,57,"Toro Rosso",18.6,989
13,58,"Williams",18.6,989
18,58,"Sauber",18.6,989
12,58,"Force India",18.6,989
19,4,"Williams",18.6,989
11,58,"McLaren",18.6,989
3,58,"Ferrari",18.6,989
1,58,"Mercedes",18.6,989
2,58,"Ferrari",18.6,989
8,58,"Red Bull",18.6,989
9,58,"Renault",18.6,989
4,58,"Red Bull",18.6,989
7,58,"Renault",18.6,989
15,58,"Mercedes",18.6,989
10,58,"McLaren",18.6,989
11,67,"Haas F1 Team",18.6,995
10,67,"Force India",18.6,995
19,66,"Sauber",18.6,995
15,66,"McLaren",18.6,995
17,0,"Williams",18.6,995
14,40,"McLaren",18.6,995
12,0,"Toro Rosso",18.6,995
20,67,"Haas F1 Team",18.6,995
18,66,"Williams",18.6,995
16,67,"Toro Rosso",18.6,995
1,68,"Ferrari",18.6,995
8,67,"Force India",18.6,995
2,68,"Mercedes",18.6,995
3,68,"Red Bull",18.6,995
6,68,"Red Bull",18.6,995
13,67,"Sauber",18.6,995
5,68,"Ferrari",18.6,995
7,67,"Renault",18.6,995
9,67,"Renault",18.6,995
4,68,"Mercedes",18.6,995
8,57,"McLaren",18.6,1010
12,28,"Renault",18.6,1010
6,29,"Haas F1 Team",18.6,1010
14,57,"Alfa Romeo",18.6,1010
13,57,"Toro Rosso",18.6,1010
10,57,"Racing Point",18.6,1010
17,57,"Red Bull",18.6,1010
18,9,"McLaren",18.6,1010
16,57,"Racing Point",18.6,1010
2,58,"Mercedes",18.6,1010
1,58,"Mercedes",18.6,1010
4,58,"Red Bull",18.6,1010
3,58,"Ferrari",18.6,1010
15,57,"Toro Rosso",18.6,1010
7,58,"Haas F1 Team",18.6,1010
11,57,"Renault",18.6,1010
9,57,"Alfa Romeo",18.6,1010
5,58,"Ferrari",18.6,1010
11,69,"McLaren",18.6,1016
13,59,"Toro Rosso",18.6,1016
19,67,"Williams",18.6,1016
0,68,"Haas F1 Team",18.6,1016
18,68,"Williams",18.6,1016
16,69,"Alfa Romeo",18.6,1016
14,69,"Haas F1 Team",18.6,1016
12,69,"Alfa Romeo",18.6,1016
15,69,"Racing Point",18.6,1016
8,8,"McLaren",18.6,1016
10,69,"Toro Rosso",18.6,1016
5,69,"Red Bull",18.6,1016
7,69,"Renault",18.6,1016
4,69,"Renault",18.6,1016
17,69,"Racing Point",18.6,1016
